filename, concept, elCounter, elkCounter, elELapsedTimeInMilliseconds, elkELapsedTimeInMilliseconds, hermitCounter, hermitELapsedTimeInMilliseconds
OWL_1, BFO_0000002, 3,3,  54,  170,  3, 70
OWL_1, BFO_0000182, 5,5,  1,  11,  5, 9
OWL_1, BFO_0000026, 7,7,  1,  8,  7, 11
OWL_1, BFO_0000008, 4,4,  0,  5,  4, 5
OWL_1, BFO_0000148, 5,5,  0,  13,  5, 8
OWL_1, BFO_0000028, 7,7,  1,  6,  7, 8
OWL_1, BFO_0000004, 4,4,  1,  6,  4, 7
OWL_1, BFO_0000017, 5,5,  1,  7,  5, 8
OWL_1, BFO_0000018, 7,7,  1,  11,  7, 6
OWL_1, BFO_0000146, 7,7,  0,  5,  7, 8
OWL_1, BFO_0000023, 6,6,  1,  8,  6, 7
OWL_1, BFO_0000009, 7,7,  2,  6,  7, 5
OWL_1, BFO_0000141, 5,5,  1,  8,  5, 10
OWL_1, BFO_0000011, 4,4,  0,  9,  4, 8
OWL_1, BFO_0000147, 7,7,  2,  7,  7, 6
OWL_1, BFO_0000034, 7,7,  1,  6,  7, 10
OWL_1, BFO_0000142, 7,7,  1,  9,  7, 8
OWL_1, BFO_0000020, 4,4,  1,  7,  4, 15
OWL_1, BFO_0000024, 6,6,  1,  27,  6, 13
OWL_1, BFO_0000027, 6,6,  1,  4,  6, 5
OWL_1, BFO_0000019, 5,5,  1,  4,  5, 4
OWL_1, BFO_0000031, 4,4,  3,  4,  4, 5
OWL_1, BFO_0000145, 6,6,  0,  3,  6, 4
OWL_1, BFO_0000040, 5,5,  0,  4,  5, 5
OWL_1, BFO_0000029, 6,6,  2,  9,  6, 5
OWL_1, BFO_0000016, 6,6,  1,  5,  6, 7
OWL_1, BFO_0000003, 3,3,  1,  5,  3, 8
OWL_1, BFO_0000140, 6,6,  2,  5,  6, 7
OWL_1, BFO_0000006, 6,6,  1,  7,  6, 8
OWL_1, BFO_0000144, 5,5,  1,  7,  5, 6
OWL_1, BFO_0000001, 2,2,  1,  7,  2, 9
OWL_1, BFO_0000030, 6,6,  0,  4,  6, 6
OWL_1, BFO_0000035, 4,4,  1,  10,  4, 5
OWL_1, BFO_0000038, 5,5,  1,  4,  5, 7
OWL_1, BFO_0000015, 4,4,  2,  8,  4, 6
OWL_2, Sample_size, 9,9,  122,  94,  9, 92
OWL_2, Non_random_allocation, 10,10,  23,  18,  10, 28
OWL_2, Percentage_body_weight_gain, 13,13,  16,  22,  13, 28
OWL_2, Ultrasound, 9,9,  14,  22,  9, 29
OWL_2, Timing_of_outcome_measurement, 9,9,  19,  24,  9, 35
OWL_2, Multiple_experimental_unit_allocation_group, 11,11,  23,  14,  11, 28
OWL_2, Plasma_concentration, 11,11,  18,  20,  11, 29
OWL_2, Apparent_dose, 11,11,  20,  19,  11, 22
OWL_2, Expanded_access, 6,6,  16,  17,  6, 31
OWL_2, Enrolling_by_invitation, 11,11,  14,  18,  11, 25
OWL_2, Disease_presentation, 9,9,  18,  22,  9, 23
OWL_2, Agreement_to_perform_study_subject_assessment_or_intervent, 14,14,  14,  13,  14, 15
OWL_2, ADAS-Cog, 10,10,  12,  17,  10, 13
OWL_2, Psychiatric_symptoms, 11,11,  13,  13,  11, 21
OWL_2, Hepatic, 12,12,  12,  14,  12, 20
OWL_2, Randomized_blinded_block, 10,10,  12,  12,  10, 26
OWL_2, Screening, 11,11,  13,  14,  11, 21
OWL_2, Registration, 9,9,  18,  19,  9, 18
OWL_2, Observational_study, 6,6,  12,  17,  6, 15
OWL_2, Composite_outcome_measure, 10,10,  14,  19,  10, 19
OWL_2, Radiography, 9,9,  13,  15,  9, 12
OWL_2, Intervention_model, 10,10,  15,  11,  10, 16
OWL_2, Assessment_method_specification, 9,9,  12,  10,  9, 18
OWL_2, Fasted_state, 12,12,  15,  15,  12, 21
OWL_2, Randomized_to_active_treatment, 10,10,  17,  14,  10, 16
OWL_2, Triple_blind, 10,10,  12,  10,  10, 19
OWL_2, Secondary_endpoint_measure, 10,10,  15,  15,  10, 24
OWL_2, Day, 10,10,  15,  15,  10, 13
OWL_2, Statistical_concept, 8,8,  15,  11,  8, 18
OWL_2, Cohort_study_design, 7,7,  15,  14,  7, 13
OWL_2, Clinical_trial_design, 8,8,  12,  9,  8, 17
OWL_2, Events, 11,11,  10,  8,  11, 15
OWL_2, Study_Objective, 9,9,  9,  9,  9, 11
OWL_2, Agreement_to_perform_oversight, 14,14,  10,  8,  14, 11
OWL_2, Investigator_assigns_intervention, 11,11,  11,  8,  11, 9
OWL_2, Data_Management_and_Quality_Assurance, 8,8,  10,  7,  8, 9
OWL_2, Study_phases, 7,7,  8,  7,  7, 9
OWL_2, Outpatient, 12,12,  8,  9,  12, 13
OWL_2, Comparator, 9,9,  8,  8,  9, 10
OWL_2, Evaluated_Result, 8,8,  9,  8,  8, 11
OWL_2, Hallucination, 12,12,  9,  9,  12, 12
OWL_2, Last_verified_date, 9,9,  9,  8,  9, 11
OWL_2, Phase_III, 8,8,  10,  8,  8, 9
OWL_2, /h, 10,10,  9,  10,  10, 17
OWL_2, CSF_total_tau_level, 10,10,  9,  8,  10, 10
OWL_2, Pilot_Trials, 9,9,  9,  9,  9, 10
OWL_2, Assessment_Scale-cognitive_subscale, 8,8,  10,  9,  8, 14
OWL_2, Recruitment_criteria, 9,9,  9,  8,  9, 10
OWL_2, Retrospective_study, 5,5,  9,  9,  5, 10
OWL_2, Dizziness, 12,12,  9,  9,  12, 11
OWL_2, Estimated_Enrollment, 9,9,  8,  7,  9, 9
OWL_2, Primary_purpose, 10,10,  8,  6,  10, 8
OWL_2, Disease_outcome, 8,8,  9,  7,  8, 11
OWL_2, Attention_test, 9,9,  11,  8,  9, 11
OWL_2, Physical_Readouts, 8,8,  9,  9,  8, 9
OWL_2, 18-69_years, 12,12,  9,  7,  12, 9
OWL_2, Water_consumption, 11,11,  8,  7,  11, 15
OWL_2, Temporarily_not_available_for_expanded_access, 11,11,  9,  8,  11, 16
OWL_2, Cognitive_tests, 9,9,  9,  7,  9, 10
OWL_2, Crossover_study_design, 7,7,  8,  6,  7, 9
OWL_2, Statistical_significance, 9,9,  8,  7,  9, 14
OWL_2, CSF, 10,10,  10,  6,  10, 10
OWL_2, Treatment, 11,11,  8,  7,  11, 8
OWL_2, Agreement_to_perform_study_laboratory_processing, 14,14,  8,  5,  14, 8
OWL_2, Friedreich's_ataxia, 10,10,  8,  5,  10, 7
OWL_2, Placebo_comparator, 10,10,  10,  5,  10, 7
OWL_2, Uncontrolled, 11,11,  8,  5,  11, 8
OWL_2, Renal, 12,12,  8,  5,  12, 7
OWL_2, Safety_of_the_treatment, 11,11,  9,  6,  11, 8
OWL_2, Recruitment_active, 11,11,  8,  6,  11, 10
OWL_2, N-of-1_clinical_trial, 8,8,  9,  5,  8, 8
OWL_2, Cross-over_design, 9,9,  9,  5,  9, 8
OWL_2, Diagnostic, 11,11,  8,  5,  11, 8
OWL_2, Exploratory_Clinical_Trials, 9,9,  8,  6,  9, 10
OWL_2, Agreement_to_perform, 13,13,  8,  5,  13, 11
OWL_2, Epworth_Sleepiness_Scale, 8,8,  8,  4,  8, 8
OWL_2, Urine, 12,12,  8,  5,  12, 8
OWL_2, CSF_concentrations, 11,11,  8,  5,  11, 8
OWL_2, Clinical_trial_operation, 8,8,  8,  5,  8, 11
OWL_2, CSF_Alpha_beta_42_level, 10,10,  8,  5,  10, 8
OWL_2, Food_effect, 11,11,  8,  5,  11, 9
OWL_2, Pregnancy, 11,11,  9,  5,  11, 8
OWL_2, Baseline_characteristics, 8,8,  8,  5,  8, 7
OWL_2, Bio-alvailability_study, 8,8,  10,  5,  8, 7
OWL_2, Control, 10,10,  8,  6,  10, 8
OWL_2, Case-crossover_study_design, 7,7,  8,  5,  7, 7
OWL_2, Surrogate_outcome_measure, 10,10,  8,  5,  10, 7
OWL_2, Randomized_control_trial, 8,8,  8,  6,  8, 10
OWL_2, Clinical_event, 12,12,  8,  5,  12, 8
OWL_2, Sequential_trial, 8,8,  8,  5,  8, 9
OWL_2, Community_trial, 8,8,  9,  6,  8, 9
OWL_2, Study_contact, 9,9,  8,  5,  9, 7
OWL_2, Investigator_assignment_role, 10,10,  8,  5,  10, 11
OWL_2, Active_control_trial, 8,8,  8,  5,  8, 7
OWL_2, Reason_treatment_not_administered, 12,12,  8,  5,  12, 7
OWL_2, Data_analyzed_within_multiple_experimental_units, 10,10,  8,  4,  10, 8
OWL_2, Apathy_Evaluation_Scale, 8,8,  8,  6,  8, 11
OWL_2, Hour, 10,10,  9,  5,  10, 8
OWL_2, Study_Conduct_Sub-Domain, 7,7,  8,  5,  7, 8
OWL_2, Explanatory_trial, 8,8,  8,  4,  8, 8
OWL_2, Not_yet_recruiting, 11,11,  8,  5,  11, 7
OWL_2, Scale_for_Depression, 11,11,  8,  4,  11, 9
OWL_2, Walk_test, 9,9,  8,  5,  9, 7
OWL_2, Minimization, 12,12,  8,  4,  12, 7
OWL_2, Randomized_blinded_cross-over, 10,10,  8,  4,  10, 7
OWL_2, Standard_Deviation, 10,10,  8,  5,  10, 7
OWL_2, Anxiety_test, 9,9,  8,  11,  9, 7
OWL_2, Rate_of_institutionalization, 10,10,  8,  5,  10, 7
OWL_2, Computed_tomography, 9,9,  8,  4,  9, 8
OWL_2, CogState, 10,10,  8,  4,  10, 7
OWL_2, Lewy_body_disease, 10,10,  11,  4,  10, 7
OWL_2, Toxicological_tests, 11,11,  7,  4,  11, 7
OWL_2, Neuro-Psychiatric_Inventory, 8,8,  8,  5,  8, 7
OWL_2, Confidence_interval, 10,10,  8,  4,  10, 7
OWL_2, No_intervention_arm, 9,9,  8,  4,  9, 9
OWL_2, The_Randomized_Blinded_Trial, 9,9,  7,  4,  9, 7
OWL_2, Neuroimaging_Structural, 11,11,  8,  5,  11, 8
OWL_2, Terminated_study, 11,11,  7,  5,  11, 7
OWL_2, Interventional_study_design, 6,6,  7,  4,  6, 8
OWL_2, Recruitment_status, 9,9,  7,  4,  9, 10
OWL_2, Multicentered_Trials, 8,8,  7,  4,  8, 8
OWL_2, Biological_Specimen, 9,9,  7,  4,  9, 7
OWL_2, Study_design, 9,9,  7,  4,  9, 7
OWL_2, Data_analysis_within_experimental_units, 9,9,  9,  5,  9, 7
OWL_2, Encephalitis, 10,10,  7,  4,  10, 10
OWL_2, Abnormal_behavior, 12,12,  7,  4,  12, 7
OWL_2, Cardiac, 12,12,  8,  5,  12, 7
OWL_2, Physical_examinations, 11,11,  7,  4,  11, 7
OWL_2, Clinical_trial_ethics, 8,8,  7,  4,  8, 12
OWL_2, Prospective_observational_cohort, 6,6,  7,  4,  6, 7
OWL_2, Inpatient, 12,12,  7,  4,  12, 7
OWL_2, Study_characteristics, 8,8,  7,  4,  8, 7
OWL_2, Evaluated_Activity, 8,8,  7,  4,  8, 7
OWL_2, Adverse_events, 11,11,  7,  4,  11, 9
OWL_2, Group_allocation_design, 9,9,  7,  4,  9, 7
OWL_2, Mini_Mental_State_Examination, 8,8,  7,  4,  8, 7
OWL_2, Phase_O, 8,8,  7,  5,  8, 7
OWL_2, N_of_1_crossover_study_design, 7,7,  8,  5,  7, 8
OWL_2, Haemopoietic, 12,12,  7,  7,  12, 7
OWL_2, Recruitment_of_patients, 8,8,  8,  4,  8, 7
OWL_2, Qualitative_study_design, 5,5,  9,  4,  5, 7
OWL_2, Safety_measure, 10,10,  7,  5,  10, 7
OWL_2, Age_group, 11,11,  7,  4,  11, 10
OWL_2, Regulatory_Application, 9,9,  7,  4,  9, 6
OWL_2, Frontotemporal_dementia, 10,10,  7,  4,  10, 7
OWL_2, Genetic_Brain_disorders, 10,10,  7,  4,  10, 7
OWL_2, g/ml, 10,10,  7,  4,  10, 7
OWL_2, Phase_II, 8,8,  10,  4,  8, 7
OWL_2, Reason_for_treatment_interruption, 12,12,  7,  4,  12, 7
OWL_2, Available_for_expanded_access, 11,11,  7,  4,  11, 7
OWL_2, Pet_scan, 9,9,  7,  4,  9, 7
OWL_2, Concomitant_Agent, 8,8,  7,  4,  8, 8
OWL_2, Allocation_scheme, 9,9,  7,  4,  9, 6
OWL_2, Uncontrolled_trial, 7,7,  7,  4,  7, 7
OWL_2, First_recieved_Date, 9,9,  7,  4,  9, 6
OWL_2, Peripheral_nerve_injury, 10,10,  7,  4,  10, 6
OWL_2, Hybrid_design, 5,5,  7,  4,  5, 9
OWL_2, Hazard_ratio, 10,10,  7,  5,  10, 6
OWL_2, Symptomatic_postural_hypotension, 11,11,  7,  4,  11, 8
OWL_2, Bio-equivalence_study, 8,8,  7,  4,  8, 7
OWL_2, Physical_symptoms, 11,11,  8,  4,  11, 10
OWL_2, Body_Fluids, 9,9,  7,  4,  9, 6
OWL_2, Week, 10,10,  7,  4,  10, 6
OWL_2, Inclusion_criteria, 10,10,  7,  4,  10, 6
OWL_2, Quantitative_study_design, 5,5,  7,  3,  5, 6
OWL_2, Ethics_approval_process, 13,13,  7,  4,  13, 9
OWL_2, Active_comparator, 10,10,  7,  4,  10, 7
OWL_2, Supportive_Care, 11,11,  10,  5,  11, 7
OWL_2, Feasibility_study, 9,9,  9,  6,  9, 7
OWL_2, Huntington's_disease, 10,10,  7,  5,  10, 8
OWL_2, Superiority_trial, 8,8,  9,  4,  8, 10
OWL_2, No_longer_available_for_expanded_access, 11,11,  8,  4,  11, 7
OWL_2, Amyloidosis, 10,10,  7,  4,  10, 6
OWL_2, Intervention_assignment_scheme, 10,10,  7,  4,  10, 6
OWL_2, Adverse_Event_Sub-Domain, 7,7,  7,  4,  7, 6
OWL_2, Clinical_trial_methods, 7,7,  6,  5,  7, 8
OWL_2, Clinical_trial_type, 7,7,  7,  4,  7, 6
OWL_2, Simple_randomization, 11,11,  7,  4,  11, 6
OWL_2, Study_arms, 8,8,  7,  4,  8, 7
OWL_2, Submission_Unit, 9,9,  7,  4,  9, 9
OWL_2, Phase_I, 8,8,  7,  4,  8, 7
OWL_2, Body_weight, 11,11,  7,  4,  11, 7
OWL_2, Open_label, 11,11,  7,  4,  11, 7
OWL_2, Month, 10,10,  7,  4,  10, 6
OWL_2, mg/dl, 10,10,  7,  4,  10, 8
OWL_2, Fed_state, 12,12,  7,  4,  12, 6
OWL_2, Clinical_Trial_measurement_Units, 8,8,  7,  4,  8, 6
OWL_2, Adverse_Event_Outcome_Assessment, 8,8,  7,  4,  8, 6
OWL_2, Single_regimen, 11,11,  7,  3,  11, 6
OWL_2, Start_Date, 9,9,  8,  4,  9, 8
OWL_2, Change_from_baseline, 11,11,  7,  4,  11, 7
OWL_2, Cross-sectional_study_design, 7,7,  7,  3,  7, 6
OWL_2, Official_title_of_trial_study, 9,9,  7,  4,  9, 7
OWL_2, Non-randomized_concurrent_control_study, 8,8,  7,  4,  8, 7
OWL_2, Protocol_Representation_Sub-Domain, 8,8,  7,  6,  8, 6
OWL_2, Sleep_disturbance_test, 9,9,  7,  3,  9, 6
OWL_2, Pharmacokinetic_study, 9,9,  7,  3,  9, 6
OWL_2, Biomarkers_in_Neurology, 10,10,  7,  3,  10, 6
OWL_2, Primary_completion_Date, 9,9,  7,  6,  9, 6
OWL_2, Freezing, 11,11,  7,  3,  11, 6
OWL_2, Survey, 6,6,  7,  3,  6, 7
OWL_2, Drug_allergy, 11,11,  7,  4,  11, 7
OWL_2, Number_of_responders, 11,11,  7,  4,  11, 7
OWL_2, Completed, 11,11,  7,  6,  11, 6
OWL_2, Health_Services, 11,11,  7,  3,  11, 6
OWL_2, Clinical_Trial_Study, 2,2,  7,  3,  2, 6
OWL_2, Single_site, 9,9,  7,  3,  9, 6
OWL_2, Factorial_design, 9,9,  7,  3,  9, 6
OWL_2, Sever_Impairment_Battery, 8,8,  7,  5,  8, 6
OWL_2, Prion_diseases, 10,10,  7,  3,  10, 6
OWL_2, Restricted_randomization, 11,11,  7,  3,  11, 6
OWL_2, Sponsoring, 13,13,  7,  6,  13, 7
OWL_2, Clinical_trial, 6,6,  7,  4,  6, 7
OWL_2, Magnetic_resonance_spectroscopy, 11,11,  10,  4,  11, 6
OWL_2, Experimental_study, 6,6,  7,  4,  6, 7
OWL_2, Video_movement_analysis, 11,11,  7,  3,  11, 7
OWL_2, Brief_summary, 9,9,  7,  3,  9, 6
OWL_2, Block_randomization, 12,12,  7,  6,  12, 6
OWL_2, Clinical_imagings, 8,8,  7,  3,  8, 6
OWL_2, Blindness, 9,9,  7,  3,  9, 6
OWL_2, Neuropsychiatric_symptoms, 11,11,  7,  3,  11, 6
OWL_2, Cognitive_Readouts, 8,8,  7,  3,  8, 6
OWL_2, Investigator_assigns_no_intervention, 11,11,  7,  5,  11, 7
OWL_2, Hydrocephalus, 10,10,  7,  3,  10, 7
OWL_2, Unblinded, 10,10,  7,  3,  10, 7
OWL_2, Structure_of_clinical_trial, 7,7,  7,  3,  7, 6
OWL_2, Placebo, 11,11,  7,  4,  11, 6
OWL_2, g/day, 10,10,  9,  3,  10, 6
OWL_2, Regulatory_Assessment, 9,9,  7,  3,  9, 6
OWL_2, Study_Legal_Sponsor, 10,10,  7,  3,  10, 8
OWL_2, Quasi_random_allocation, 10,10,  7,  3,  10, 6
OWL_2, Blood, 12,12,  7,  3,  12, 9
OWL_2, Plasma_markers, 9,9,  7,  3,  9, 7
OWL_2, Dose-response_trial, 8,8,  7,  4,  8, 6
OWL_2, Memory_and_learning, 9,9,  8,  3,  9, 7
OWL_2, Regimen_cardinality, 10,10,  7,  3,  10, 6
OWL_2, Cohort, 11,11,  10,  3,  11, 7
OWL_2, Clinical_Global_Impressions_scale, 8,8,  7,  4,  8, 6
OWL_2, ng/l, 10,10,  7,  3,  10, 6
OWL_2, Unicenter_trial, 8,8,  7,  3,  8, 6
OWL_2, Delusion, 12,12,  7,  3,  12, 6
OWL_2, Alcohol_addiction, 12,12,  9,  3,  12, 6
OWL_2, Spinal_muscular_atrophy, 10,10,  7,  3,  10, 6
OWL_2, Reviewable_Unit, 10,10,  7,  3,  10, 6
OWL_2, Crossover_assignment, 11,11,  8,  3,  11, 7
OWL_2, Clinical_outcome_measure, 9,9,  7,  4,  9, 6
OWL_2, Anxiety, 11,11,  9,  3,  11, 7
OWL_2, Neuropsychiatric_Inventory, 9,9,  7,  3,  9, 7
OWL_2, PK_parameter_units_of_measure, 9,9,  8,  4,  9, 6
OWL_2, Single_experimental_unit_allocation_group, 11,11,  7,  3,  11, 6
OWL_2, Phase_VI, 8,8,  7,  3,  8, 9
OWL_2, Study_Site, 8,8,  7,  3,  8, 6
OWL_2, Last_updated_Date, 9,9,  7,  3,  9, 5
OWL_2, Year, 10,10,  6,  3,  10, 5
OWL_2, Parkinson_disease, 10,10,  7,  3,  10, 6
OWL_2, Withdrawn_study, 11,11,  7,  6,  11, 7
OWL_2, Status, 11,11,  8,  3,  11, 6
OWL_2, Agitation_test, 9,9,  8,  3,  9, 6
OWL_2, Committees_for_Multicenter_Clinical_Trials, 9,9,  6,  3,  9, 6
OWL_2, Hohen_and_Yahr_Scale, 8,8,  7,  3,  8, 6
OWL_2, Study_type, 3,3,  7,  3,  3, 13
OWL_2, Drug_addiction, 12,12,  9,  4,  12, 8
OWL_2, ml, 10,10,  7,  3,  10, 6
OWL_2, Executive_Functions, 9,9,  7,  3,  9, 6
OWL_2, Regulatory_Submission, 9,9,  7,  3,  9, 6
OWL_2, Amyotrophic_Lateral_Scherosis, 10,10,  7,  3,  10, 6
OWL_2, Causal_Assessment, 8,8,  10,  3,  8, 6
OWL_2, Average_Body_Weight_Gain, 13,13,  8,  3,  13, 7
OWL_2, Biological_Readouts, 8,8,  8,  4,  8, 6
OWL_2, Stroke, 10,10,  7,  3,  10, 7
OWL_2, Controlled_trial, 7,7,  9,  3,  7, 9
OWL_2, Vital_signs, 11,11,  7,  3,  11, 6
OWL_2, Clinical_Trial_Readouts, 7,7,  7,  3,  7, 6
OWL_2, Fluctuations_in_attention, 11,11,  7,  3,  11, 6
OWL_2, Approved_for_marketing, 11,11,  7,  3,  11, 6
OWL_2, Neuropsychiatric_Test_Battery, 9,9,  7,  3,  9, 6
OWL_2, Biological_Laboratory_variables, 11,11,  7,  3,  11, 9
OWL_2, Phase_not_applicable, 8,8,  7,  3,  8, 7
OWL_2, Seizures, 12,12,  7,  3,  12, 6
OWL_2, Epilepsy, 10,10,  7,  3,  10, 7
OWL_2, International_site, 9,9,  7,  3,  9, 6
OWL_2, Plasma, 10,10,  7,  3,  10, 6
OWL_2, Magnetic_Resonance_imaging, 9,9,  7,  3,  9, 8
OWL_2, Resting_state_functional_network_activity, 12,12,  7,  3,  12, 6
OWL_2, Masking, 10,10,  7,  3,  10, 6
OWL_2, Site_selection, 8,8,  7,  3,  8, 6
OWL_2, Allocation_group_cardinality, 10,10,  7,  3,  10, 6
OWL_2, Mortality_rate, 10,10,  7,  3,  10, 9
OWL_2, Single_blind, 10,10,  7,  4,  10, 6
OWL_2, Treatment_episode, 12,12,  8,  4,  12, 6
OWL_2, Parallel_group_study_design, 7,7,  7,  3,  7, 7
OWL_2, Quality_of_life, 11,11,  7,  3,  11, 6
OWL_2, CSF_markers, 9,9,  7,  3,  9, 9
OWL_2, Basic_science, 11,11,  7,  3,  11, 6
OWL_2, Instantaneous_study, 5,5,  7,  3,  5, 6
OWL_2, Study_Investigator, 9,9,  7,  3,  9, 6
OWL_2, Terminal_body_weight, 12,12,  7,  3,  12, 6
OWL_2, Age_unit, 9,9,  7,  3,  9, 6
OWL_2, Clinical_biomarkers, 11,11,  7,  3,  11, 8
OWL_2, Parallel_Assignment, 11,11,  7,  4,  11, 6
OWL_2, Regulatory_Sub-Domain, 8,8,  8,  3,  8, 7
OWL_2, Reason_for_treatment, 12,12,  7,  3,  12, 7
OWL_2, Single_Group_Assignment, 11,11,  7,  3,  11, 6
OWL_2, Randomized_blinded_matched_pairs, 10,10,  7,  3,  10, 6
OWL_2, Open_study, 10,10,  7,  4,  10, 8
OWL_2, Regulatory_Application_Sponsor, 9,9,  7,  3,  9, 6
OWL_2, Pivotal_trial, 9,9,  7,  4,  9, 6
OWL_2, Treatment_failure_reason, 12,12,  7,  4,  12, 6
OWL_2, Historical_observational_cohort, 6,6,  7,  4,  6, 6
OWL_2, Adaptive_design, 9,9,  7,  4,  9, 10
OWL_2, Informations_of_study, 8,8,  7,  4,  8, 7
OWL_2, Stratified_randomization, 12,12,  7,  4,  12, 7
OWL_2, Stratum_Group, 9,9,  7,  4,  9, 7
OWL_2, Prospective_study, 5,5,  7,  4,  5, 6
OWL_2, Primary_endpoint_measure, 10,10,  7,  4,  10, 7
OWL_2, Closed_study, 10,10,  9,  3,  10, 6
OWL_2, Observation, 13,13,  7,  3,  13, 6
OWL_2, Random_allocation, 10,10,  7,  3,  10, 6
OWL_2, 50-80_years, 12,12,  7,  3,  12, 6
OWL_2, Multiple_site, 9,9,  7,  3,  9, 6
OWL_2, P-Values, 10,10,  7,  3,  10, 8
OWL_2, Biochemical_biomarkers_identified_in_cerebrospinal_fluid_and_serum, 11,11,  7,  3,  11, 7
OWL_2, Blinded, 11,11,  8,  4,  11, 7
OWL_2, Exclusion_criteria, 10,10,  8,  3,  10, 7
OWL_2, Analytical_study, 4,4,  7,  3,  4, 6
OWL_2, Concomitant_medication, 11,11,  8,  3,  11, 6
OWL_2, Active_control, 11,11,  10,  3,  11, 6
OWL_2, Double_blind, 10,10,  7,  3,  10, 6
OWL_2, Molecular_Readouts, 8,8,  7,  3,  8, 6
OWL_2, Study_Protocol_Document, 9,9,  7,  3,  9, 6
OWL_2, Clinical_Global_Impression_of_Change, 8,8,  7,  3,  8, 6
OWL_2, Informed_consent, 11,11,  7,  3,  11, 9
OWL_2, Syncope, 12,12,  7,  3,  12, 6
OWL_2, Combination_trial, 8,8,  8,  3,  8, 6
OWL_2, Alzheimer's_disease, 10,10,  7,  3,  10, 6
OWL_2, Confusion, 12,12,  7,  3,  12, 6
OWL_2, Adverse_Event_Action-Taken, 8,8,  7,  4,  8, 6
OWL_2, fg/mL, 10,10,  7,  5,  10, 6
OWL_2, Experimental, 9,9,  7,  3,  9, 6
OWL_2, Study_administrative_relation, 12,12,  7,  3,  12, 6
OWL_2, Date_of_registration, 9,9,  7,  3,  9, 6
OWL_2, Completion_Date, 9,9,  7,  4,  9, 6
OWL_2, Body_weight_gain, 12,12,  7,  3,  12, 9
OWL_2, Randomized_blinded_withdrawal_design, 10,10,  7,  3,  10, 6
OWL_2, Clinical_Dementia_Rating_Scale-sum_of_boxes, 8,8,  7,  4,  8, 6
OWL_2, Suspended_study, 11,11,  7,  3,  11, 6
OWL_2, Case-control, 12,12,  7,  3,  12, 7
OWL_2, Data_analyzed_within_single_experimental_units, 10,10,  8,  4,  10, 9
OWL_2, Gender, 11,11,  7,  3,  11, 6
OWL_2, Recruiting, 11,11,  7,  3,  11, 6
OWL_2, Assignment_characteristics, 9,9,  7,  3,  9, 5
OWL_2, Identifier, 9,9,  7,  3,  9, 5
OWL_2, Functional_imaging_fMRI, 11,11,  7,  3,  11, 5
OWL_2, Longitudinal_study, 4,4,  7,  3,  4, 8
OWL_2, Parallel_trial, 8,8,  7,  3,  8, 6
OWL_2, Irritability_test, 9,9,  7,  3,  9, 6
OWL_2, Depression, 10,10,  7,  3,  10, 6
OWL_2, 18-N/A_years, 12,12,  7,  3,  12, 6
OWL_2, Single_group_study_design, 7,7,  7,  3,  7, 6
OWL_2, Neuropsychological_Test_Battery, 8,8,  7,  3,  8, 9
OWL_2, Descriptive_study, 4,4,  8,  3,  4, 6
OWL_2, Safety_study, 9,9,  7,  3,  9, 6
OWL_2, _Pittsburgh_Agitation_Scale, 8,8,  7,  3,  8, 6
OWL_2, Study_Resource, 10,10,  7,  3,  10, 6
OWL_2, Pharmacodynamic_study, 9,9,  7,  3,  9, 12
OWL_2, Apathy_test, 9,9,  8,  3,  9, 8
OWL_2, Efficacy_study, 9,9,  7,  3,  9, 6
OWL_2, Multiple_regimen, 11,11,  8,  4,  11, 8
OWL_2, Feasibility_assessment, 11,11,  9,  5,  11, 8
OWL_2, Diabetes, 11,11,  7,  4,  11, 7
OWL_2, Prevention, 11,11,  11,  4,  11, 7
OWL_2, Funding, 13,13,  9,  3,  13, 7
OWL_2, Sham_comparator, 10,10,  7,  3,  10, 6
OWL_2, Multiple_Sclerosis, 10,10,  7,  3,  10, 6
OWL_2, Undetermined_stroke, 11,11,  7,  3,  11, 5
OWL_2, Randomized_blinded_factorial, 10,10,  7,  3,  10, 8
OWL_3, ECO_0000215, 5,5,  471,  85,  5, 242
OWL_3, ECO_0000326, 6,6,  376,  54,  6, 138
OWL_3, ECO_0001110, 6,6,  381,  48,  6, 116
OWL_3, ECO_0000082, 5,5,  299,  31,  5, 87
OWL_3, ECO_0000328, 7,7,  304,  29,  7, 82
OWL_3, ECO_0000023, 5,5,  284,  20,  5, 66
OWL_3, ECO_0001248, 10,10,  283,  23,  10, 70
OWL_3, ECO_0000060, 5,5,  278,  20,  5, 68
OWL_3, ECO_0000348, 11,11,  276,  16,  11, 62
OWL_3, ECO_0001009, 6,6,  271,  16,  6, 64
OWL_3, ECO_0005515, 5,5,  272,  16,  5, 66
OWL_3, ECO_0001829, 6,6,  278,  15,  6, 61
OWL_3, ECO_0000336, 6,6,  270,  15,  6, 56
OWL_3, ECO_0001119, 6,6,  270,  14,  6, 61
OWL_3, ECO_0005505, 7,7,  270,  12,  7, 58
OWL_3, ECO_0000252, 5,5,  270,  15,  5, 60
OWL_3, ECO_0000075, 5,5,  294,  14,  5, 62
OWL_3, ECO_0000244, 5,5,  265,  12,  5, 56
OWL_3, ECO_0001114, 6,6,  269,  15,  6, 57
OWL_3, ECO_0005011, 9,9,  270,  13,  9, 64
OWL_3, ECO_0005637, 8,8,  266,  13,  8, 55
OWL_3, ECO_0001121, 6,6,  266,  15,  6, 55
OWL_3, ECO_0001234, 13,13,  286,  10,  13, 54
OWL_3, ECO_0005562, 7,7,  247,  10,  7, 53
OWL_3, ECO_0001102, 6,6,  247,  12,  6, 54
OWL_3, ECO_0006026, 8,8,  239,  9,  8, 50
OWL_3, ECO_0006019, 8,8,  239,  9,  8, 50
OWL_3, ECO_0000085, 6,6,  240,  9,  6, 51
OWL_3, ECO_0000297, 7,7,  233,  9,  7, 49
OWL_3, ECO_0000174, 6,6,  231,  9,  6, 52
OWL_3, ECO_0005615, 9,9,  233,  8,  9, 49
OWL_3, ECO_0001050, 5,5,  236,  8,  5, 47
OWL_3, ECO_0000096, 5,5,  232,  8,  5, 47
OWL_3, ECO_0005587, 7,7,  235,  8,  7, 50
OWL_3, ECO_0001191, 11,11,  237,  8,  11, 50
OWL_3, ECO_0000128, 8,8,  233,  9,  8, 47
OWL_3, ECO_0005599, 12,12,  232,  8,  12, 50
OWL_3, ECO_0000223, 7,7,  232,  8,  7, 48
OWL_3, ECO_0000168, 5,5,  236,  8,  5, 48
OWL_3, ECO_0001168, 14,14,  232,  8,  14, 48
OWL_3, ECO_0001093, 5,5,  236,  8,  5, 48
OWL_3, ECO_0000182, 6,6,  233,  8,  6, 49
OWL_3, ECO_0001062, 7,7,  235,  8,  7, 48
OWL_3, ECO_0000317, 5,5,  236,  9,  5, 50
OWL_3, ECO_0000341, 7,7,  233,  8,  7, 48
OWL_3, ECO_0005804, 9,9,  239,  8,  9, 47
OWL_3, ECO_0001269, 9,9,  232,  8,  9, 47
OWL_3, ECO_0000229, 8,8,  240,  8,  8, 48
OWL_3, ECO_0001016, 5,5,  235,  8,  5, 50
OWL_3, ECO_0005501, 11,11,  240,  8,  11, 47
OWL_3, ECO_0005630, 8,8,  239,  9,  8, 48
OWL_3, ECO_0005674, 8,8,  236,  8,  8, 48
OWL_3, ECO_0005555, 6,6,  236,  8,  6, 48
OWL_3, ECO_0000084, 4,4,  234,  8,  4, 48
OWL_3, ECO_0001164, 9,9,  237,  8,  9, 46
OWL_3, ECO_0001021, 8,8,  236,  8,  8, 49
OWL_3, ECO_0000126, 8,8,  233,  8,  8, 47
OWL_3, ECO_0000300, 9,9,  239,  8,  9, 47
OWL_3, ECO_0000345, 6,6,  234,  8,  6, 47
OWL_3, ECO_0005544, 8,8,  235,  8,  8, 47
OWL_3, ECO_0000090, 9,9,  233,  8,  9, 48
OWL_3, ECO_0000050, 5,5,  237,  7,  5, 47
OWL_3, ECO_0000042, 6,6,  233,  8,  6, 49
OWL_3, ECO_0005552, 5,5,  235,  8,  5, 50
OWL_3, ECO_0000206, 7,7,  239,  8,  7, 46
OWL_3, ECO_0000009, 5,5,  232,  8,  5, 47
OWL_3, ECO_0000273, 11,11,  234,  8,  11, 47
OWL_3, ECO_0000054, 6,6,  231,  8,  6, 49
OWL_3, ECO_0000066, 7,7,  235,  8,  7, 48
OWL_3, ECO_0000078, 6,6,  237,  9,  6, 50
OWL_3, ECO_0001036, 9,9,  231,  8,  9, 47
OWL_3, ECO_0000158, 7,7,  235,  8,  7, 44
OWL_3, ECO_0000364, 7,7,  232,  8,  7, 47
OWL_3, ECO_0005550, 5,5,  235,  8,  5, 47
OWL_3, ECO_0005626, 11,11,  233,  8,  11, 46
OWL_3, ECO_0000181, 6,6,  234,  8,  6, 47
OWL_3, ECO_0001249, 9,9,  232,  8,  9, 49
OWL_3, ECO_0005664, 9,9,  232,  8,  9, 47
OWL_3, ECO_0006010, 7,7,  234,  8,  7, 45
OWL_3, ECO_0001161, 10,10,  232,  8,  10, 46
OWL_3, ECO_0000112, 8,8,  234,  8,  8, 47
OWL_3, ECO_0000038, 7,7,  233,  9,  7, 48
OWL_3, ECO_0001253, 10,10,  236,  8,  10, 47
OWL_3, ECO_0000228, 8,8,  234,  8,  8, 48
OWL_3, ECO_0001243, 10,10,  233,  8,  10, 46
OWL_3, ECO_0000035, 5,5,  209,  8,  5, 42
OWL_3, ECO_0001136, 9,9,  230,  8,  9, 47
OWL_3, ECO_0000346, 12,12,  277,  11,  12, 57
OWL_3, ECO_0005019, 5,5,  261,  30,  5, 129
OWL_3, ECO_0005563, 6,6,  288,  10,  6, 52
OWL_3, ECO_0000051, 4,4,  234,  9,  4, 51
OWL_3, ECO_0006001, 7,7,  234,  8,  7, 46
OWL_3, ECO_0001200, 11,11,  231,  8,  11, 45
OWL_3, ECO_0006042, 11,11,  233,  8,  11, 47
OWL_3, ECO_0005548, 4,4,  236,  8,  4, 47
OWL_3, ECO_0005657, 13,13,  234,  8,  13, 48
OWL_3, ECO_0005524, 6,6,  234,  8,  6, 51
OWL_3, ECO_0006031, 14,14,  234,  8,  14, 49
OWL_3, ECO_0001052, 5,5,  234,  8,  5, 48
OWL_3, ECO_0001133, 9,9,  234,  8,  9, 49
OWL_3, ECO_0005516, 4,4,  236,  8,  4, 48
OWL_3, ECO_0000162, 6,6,  235,  8,  6, 47
OWL_3, ECO_0001134, 5,5,  233,  8,  5, 47
OWL_3, ECO_0000217, 2,2,  233,  7,  2, 46
OWL_3, ECO_0001190, 11,11,  232,  8,  11, 51
OWL_3, ECO_0005613, 9,9,  232,  8,  9, 47
OWL_3, ECO_0000309, 6,6,  233,  8,  6, 47
OWL_3, ECO_0000303, 7,7,  232,  8,  7, 47
OWL_3, ECO_0000056, 6,6,  233,  8,  6, 47
OWL_3, ECO_0001812, 6,6,  233,  8,  6, 48
OWL_3, ECO_0001225, 12,12,  235,  8,  12, 47
OWL_3, ECO_0000324, 5,5,  232,  8,  5, 49
OWL_3, ECO_0005634, 10,10,  232,  8,  10, 47
OWL_3, ECO_0001801, 6,6,  235,  8,  6, 50
OWL_3, ECO_0001057, 7,7,  234,  8,  7, 48
OWL_3, ECO_0000259, 11,11,  242,  8,  11, 48
OWL_3, ECO_0000142, 9,9,  233,  8,  9, 48
OWL_3, ECO_0005617, 9,9,  235,  8,  9, 48
OWL_3, ECO_0001246, 9,9,  241,  8,  9, 50
OWL_3, ECO_0000351, 14,14,  232,  7,  14, 48
OWL_3, ECO_0001167, 14,14,  235,  8,  14, 49
OWL_3, ECO_0001194, 11,11,  231,  8,  11, 47
OWL_3, ECO_0005642, 10,10,  234,  8,  10, 47
OWL_3, ECO_0000177, 3,3,  239,  8,  3, 53
OWL_3, ECO_0006037, 13,13,  237,  7,  13, 47
OWL_3, ECO_0000114, 8,8,  237,  9,  8, 51
OWL_3, ECO_0005622, 13,13,  235,  8,  13, 46
OWL_3, ECO_0006015, 13,13,  234,  8,  13, 48
OWL_3, ECO_0001250, 9,9,  233,  7,  9, 47
OWL_3, ECO_0000219, 5,5,  234,  7,  5, 48
OWL_3, ECO_0000316, 8,8,  233,  8,  8, 47
OWL_3, ECO_0001228, 7,7,  241,  8,  7, 46
OWL_3, ECO_0000164, 5,5,  235,  8,  5, 52
OWL_3, ECO_0000358, 6,6,  236,  8,  6, 48
OWL_3, ECO_0001140, 10,10,  232,  8,  10, 49
OWL_3, ECO_0001204, 11,11,  233,  7,  11, 47
OWL_3, ECO_0000003, 5,5,  237,  8,  5, 47
OWL_3, ECO_0001106, 6,6,  233,  8,  6, 48
OWL_3, ECO_0005670, 10,10,  233,  8,  10, 49
OWL_3, ECO_0000301, 9,9,  235,  7,  9, 49
OWL_3, ECO_0000279, 12,12,  236,  8,  12, 49
OWL_3, ECO_0000179, 4,4,  232,  8,  4, 45
OWL_3, ECO_0000318, 8,8,  233,  7,  8, 47
OWL_3, ECO_0000010, 7,7,  236,  8,  7, 46
OWL_3, ECO_0005551, 4,4,  231,  8,  4, 46
OWL_3, ECO_0001116, 6,6,  238,  9,  6, 51
OWL_3, ECO_0005638, 11,11,  244,  9,  11, 51
OWL_3, ECO_0005579, 16,16,  239,  8,  16, 49
OWL_3, ECO_0001031, 8,8,  234,  8,  8, 48
OWL_3, ECO_0005571, 6,6,  239,  9,  6, 49
OWL_3, ECO_0000261, 13,13,  239,  8,  13, 49
OWL_3, ECO_0001105, 5,5,  236,  9,  5, 49
OWL_3, ECO_0000333, 6,6,  239,  8,  6, 49
OWL_3, ECO_0001222, 11,11,  237,  8,  11, 51
OWL_3, ECO_0000350, 11,11,  245,  10,  11, 52
OWL_3, ECO_0001025, 6,6,  239,  8,  6, 46
OWL_3, ECO_0000013, 7,7,  237,  9,  7, 49
OWL_3, ECO_0000160, 7,7,  240,  8,  7, 49
OWL_3, ECO_0005586, 7,7,  235,  8,  7, 50
OWL_3, ECO_0005658, 13,13,  273,  9,  13, 49
OWL_3, ECO_0001196, 11,11,  233,  8,  11, 48
OWL_3, ECO_0000150, 6,6,  231,  7,  6, 46
OWL_3, ECO_0006045, 7,7,  235,  8,  7, 44
OWL_3, ECO_0005560, 11,11,  232,  8,  11, 46
OWL_3, ECO_0000022, 5,5,  234,  8,  5, 46
OWL_3, ECO_0000237, 7,7,  232,  8,  7, 47
OWL_3, ECO_0001252, 8,8,  234,  7,  8, 47
OWL_3, ECO_0000152, 7,7,  233,  8,  7, 48
OWL_3, ECO_0005609, 9,9,  234,  8,  9, 47
OWL_3, ECO_0005632, 11,11,  231,  8,  11, 46
OWL_3, ECO_0001811, 6,6,  232,  8,  6, 47
OWL_3, ECO_0001055, 6,6,  235,  7,  6, 47
OWL_3, ECO_0001142, 12,12,  235,  8,  12, 47
OWL_3, ECO_0000356, 6,6,  248,  8,  6, 53
OWL_3, ECO_0001236, 9,9,  234,  8,  9, 49
OWL_3, ECO_0001182, 12,12,  234,  8,  12, 47
OWL_3, ECO_0000055, 5,5,  232,  7,  5, 45
OWL_3, ECO_0005671, 8,8,  234,  8,  8, 47
OWL_3, ECO_0001255, 9,9,  235,  7,  9, 47
OWL_3, ECO_0005558, 13,13,  232,  8,  13, 47
OWL_3, ECO_0001007, 7,7,  236,  7,  7, 46
OWL_3, ECO_0005801, 10,10,  234,  7,  10, 48
OWL_3, ECO_0001810, 7,7,  232,  8,  7, 46
OWL_3, ECO_0000293, 5,5,  233,  7,  5, 45
OWL_3, ECO_0005577, 6,6,  234,  7,  6, 46
OWL_3, ECO_0000046, 8,8,  234,  8,  8, 46
OWL_3, ECO_0001254, 9,9,  232,  8,  9, 48
OWL_3, ECO_0000049, 5,5,  234,  7,  5, 46
OWL_3, ECO_0005673, 5,5,  233,  7,  5, 48
OWL_3, ECO_0001054, 7,7,  233,  8,  7, 46
OWL_3, ECO_0001209, 11,11,  234,  8,  11, 45
OWL_3, ECO_0005623, 13,13,  233,  7,  13, 47
OWL_3, ECO_0000277, 11,11,  234,  7,  11, 46
OWL_3, ECO_0005523, 9,9,  231,  7,  9, 47
OWL_3, ECO_0005009, 9,9,  237,  8,  9, 49
OWL_3, ECO_0005802, 7,7,  233,  7,  7, 48
OWL_3, ECO_0005014, 7,7,  232,  7,  7, 46
OWL_3, ECO_0001230, 8,8,  232,  9,  8, 47
OWL_3, ECO_0000105, 6,6,  233,  8,  6, 47
OWL_3, ECO_0001038, 5,5,  235,  8,  5, 47
OWL_3, ECO_0005537, 6,6,  234,  8,  6, 48
OWL_3, ECO_0000256, 9,9,  235,  8,  9, 47
OWL_3, ECO_0000203, 3,3,  232,  8,  3, 49
OWL_3, ECO_0005666, 11,11,  232,  7,  11, 46
OWL_3, ECO_0005592, 21,21,  232,  8,  21, 46
OWL_3, ECO_0000288, 11,11,  235,  8,  11, 48
OWL_3, ECO_0001046, 5,5,  236,  8,  5, 46
OWL_3, ECO_0005803, 5,5,  231,  7,  5, 46
OWL_3, ECO_0005800, 5,5,  235,  7,  5, 47
OWL_3, ECO_0000280, 14,14,  238,  8,  14, 50
OWL_3, ECO_0000120, 5,5,  234,  8,  5, 47
OWL_3, ECO_0000102, 6,6,  232,  7,  6, 45
OWL_3, ECO_0001045, 6,6,  261,  8,  6, 47
OWL_3, ECO_0000094, 5,5,  238,  7,  5, 49
OWL_3, ECO_0000080, 4,4,  235,  8,  4, 48
OWL_3, ECO_0001817, 9,9,  236,  7,  9, 47
OWL_3, ECO_0005663, 13,13,  233,  7,  13, 49
OWL_3, ECO_0001139, 13,13,  234,  7,  13, 48
OWL_3, ECO_0000304, 7,7,  234,  8,  7, 46
OWL_3, ECO_0000031, 15,15,  233,  8,  15, 47
OWL_3, ECO_0001014, 7,7,  235,  7,  7, 47
OWL_3, ECO_0001202, 11,11,  233,  7,  11, 48
OWL_3, ECO_0005545, 5,5,  239,  8,  5, 49
OWL_3, ECO_0001814, 7,7,  235,  8,  7, 49
OWL_3, ECO_0001207, 11,11,  231,  7,  11, 47
OWL_3, ECO_0001041, 6,6,  233,  7,  6, 47
OWL_3, ECO_0001130, 6,6,  238,  9,  6, 52
OWL_3, ECO_0005660, 9,9,  286,  7,  9, 49
OWL_3, ECO_0000296, 7,7,  243,  8,  7, 50
OWL_3, ECO_0001037, 6,6,  236,  8,  6, 49
OWL_3, ECO_0000353, 7,7,  234,  8,  7, 51
OWL_3, ECO_0005528, 5,5,  237,  7,  5, 47
OWL_3, ECO_0001115, 5,5,  234,  7,  5, 46
OWL_3, ECO_0001155, 16,16,  235,  8,  16, 49
OWL_3, ECO_0000213, 5,5,  239,  7,  5, 47
OWL_3, ECO_0001257, 9,9,  236,  7,  9, 49
OWL_3, ECO_0001109, 6,6,  237,  8,  6, 46
OWL_3, ECO_0005578, 7,7,  238,  8,  7, 50
OWL_3, ECO_0001096, 5,5,  236,  7,  5, 48
OWL_3, ECO_0001078, 7,7,  233,  8,  7, 46
OWL_3, ECO_0001095, 7,7,  232,  8,  7, 48
OWL_3, ECO_0001092, 5,5,  236,  8,  5, 47
OWL_3, ECO_0005012, 8,8,  235,  8,  8, 46
OWL_3, ECO_0001206, 11,11,  234,  7,  11, 51
OWL_3, ECO_0000329, 12,12,  235,  8,  12, 50
OWL_3, ECO_0000216, 5,5,  243,  8,  5, 47
OWL_3, ECO_0000069, 6,6,  234,  8,  6, 46
OWL_3, ECO_0005575, 6,6,  233,  7,  6, 46
OWL_3, ECO_0001185, 9,9,  241,  8,  9, 50
OWL_3, ECO_0005640, 14,14,  275,  9,  14, 52
OWL_3, ECO_0001112, 6,6,  256,  8,  6, 46
OWL_3, ECO_0000246, 7,7,  233,  8,  7, 50
OWL_3, ECO_0005514, 5,5,  237,  8,  5, 47
OWL_3, ECO_0000330, 12,12,  238,  8,  12, 47
OWL_3, ECO_0006055, 3,3,  235,  7,  3, 46
OWL_3, ECO_0001012, 5,5,  235,  8,  5, 46
OWL_3, ECO_0005519, 5,5,  233,  7,  5, 47
OWL_3, ECO_0001166, 10,10,  236,  7,  10, 47
OWL_3, ECO_0001242, 14,14,  237,  8,  14, 53
OWL_3, ECO_0000053, 4,4,  239,  8,  4, 49
OWL_3, ECO_0001015, 7,7,  238,  8,  7, 47
OWL_3, ECO_0005600, 11,11,  236,  8,  11, 49
OWL_3, ECO_0001089, 7,7,  238,  8,  7, 49
OWL_3, ECO_0000076, 5,5,  244,  8,  5, 49
OWL_3, ECO_0001127, 5,5,  246,  8,  5, 48
OWL_3, ECO_0000250, 7,7,  236,  8,  7, 51
OWL_3, ECO_0001064, 7,7,  236,  8,  7, 49
OWL_3, ECO_0005641, 9,9,  237,  8,  9, 47
OWL_3, ECO_0001214, 11,11,  238,  8,  11, 48
OWL_3, ECO_0001094, 4,4,  240,  8,  4, 49
OWL_3, ECO_0000144, 7,7,  236,  8,  7, 49
OWL_3, ECO_0001104, 9,9,  238,  8,  9, 46
OWL_3, ECO_0001260, 9,9,  232,  7,  9, 48
OWL_3, ECO_0005595, 16,16,  231,  7,  16, 46
OWL_3, ECO_0005591, 12,12,  236,  7,  12, 45
OWL_3, ECO_0005556, 11,11,  234,  7,  11, 46
OWL_3, ECO_0001210, 11,11,  235,  7,  11, 46
OWL_3, ECO_0005602, 13,13,  237,  8,  13, 46
OWL_3, ECO_0006060, 7,7,  237,  8,  7, 47
OWL_3, ECO_0006043, 6,6,  234,  8,  6, 48
OWL_3, ECO_0000234, 6,6,  233,  8,  6, 46
OWL_3, ECO_0006005, 9,9,  235,  8,  9, 46
OWL_3, ECO_0001266, 12,12,  235,  8,  12, 47
OWL_3, ECO_0001170, 14,14,  235,  8,  14, 47
OWL_3, ECO_0001137, 6,6,  237,  8,  6, 49
OWL_3, ECO_0001601, 10,10,  234,  8,  10, 47
OWL_3, ECO_0001056, 7,7,  240,  8,  7, 50
OWL_3, ECO_0005580, 9,9,  237,  8,  9, 48
OWL_3, ECO_0001005, 6,6,  235,  7,  6, 45
OWL_3, ECO_0001030, 8,8,  236,  8,  8, 47
OWL_3, ECO_0005027, 6,6,  236,  8,  6, 47
OWL_3, ECO_0001120, 5,5,  234,  8,  5, 47
OWL_3, ECO_0001029, 6,6,  236,  8,  6, 47
OWL_3, ECO_0001231, 11,11,  235,  9,  11, 51
OWL_3, ECO_0001171, 8,8,  267,  8,  8, 48
OWL_3, ECO_0001091, 7,7,  236,  8,  7, 47
OWL_3, ECO_0005004, 8,8,  235,  8,  8, 48
OWL_3, ECO_0001128, 5,5,  238,  8,  5, 47
OWL_3, ECO_0001154, 13,13,  235,  7,  13, 47
OWL_3, ECO_0000214, 5,5,  236,  9,  5, 54
OWL_3, ECO_0001802, 6,6,  241,  9,  6, 51
OWL_3, ECO_0005529, 5,5,  239,  7,  5, 48
OWL_3, ECO_0001113, 5,5,  237,  8,  5, 47
OWL_3, ECO_0005611, 8,8,  237,  8,  8, 48
OWL_3, ECO_0006047, 7,7,  241,  8,  7, 48
OWL_3, ECO_0005574, 7,7,  238,  8,  7, 49
OWL_3, ECO_0000227, 8,8,  240,  8,  8, 48
OWL_3, ECO_0000068, 7,7,  237,  8,  7, 50
OWL_3, ECO_0005532, 7,7,  238,  7,  7, 48
OWL_3, ECO_0001186, 9,9,  237,  7,  9, 47
OWL_3, ECO_0005669, 11,11,  237,  7,  11, 48
OWL_3, ECO_0000087, 8,8,  238,  8,  8, 48
OWL_3, ECO_0005500, 7,7,  236,  7,  7, 47
OWL_3, ECO_0001268, 12,12,  235,  8,  12, 46
OWL_3, ECO_0000001, 5,5,  236,  8,  5, 49
OWL_3, ECO_0000255, 9,9,  234,  7,  9, 46
OWL_3, ECO_0001199, 11,11,  233,  8,  11, 46
OWL_3, ECO_0006017, 9,9,  232,  8,  9, 47
OWL_3, ECO_0006023, 13,13,  235,  7,  13, 47
OWL_3, ECO_0005583, 6,6,  234,  8,  6, 47
OWL_3, ECO_0000319, 8,8,  235,  8,  8, 46
OWL_3, ECO_0001198, 11,11,  232,  7,  11, 49
OWL_3, ECO_0001085, 7,7,  235,  7,  7, 47
OWL_3, ECO_0006020, 7,7,  235,  8,  7, 45
OWL_3, ECO_0000017, 5,5,  231,  7,  5, 46
OWL_3, ECO_0005518, 5,5,  234,  7,  5, 47
OWL_3, ECO_0000124, 7,7,  232,  7,  7, 48
OWL_3, ECO_0000081, 7,7,  240,  8,  7, 48
OWL_3, ECO_0001004, 9,9,  237,  7,  9, 48
OWL_3, ECO_0000355, 5,5,  235,  8,  5, 47
OWL_3, ECO_0005034, 8,8,  236,  7,  8, 46
OWL_3, ECO_0000221, 6,6,  235,  7,  6, 47
OWL_3, ECO_0000249, 7,7,  237,  9,  7, 58
OWL_3, ECO_0001053, 6,6,  242,  11,  6, 96
OWL_3, ECO_0001203, 11,11,  267,  7,  11, 48
OWL_3, ECO_0000020, 6,6,  247,  10,  6, 57
OWL_3, ECO_0001059, 7,7,  242,  8,  7, 50
OWL_3, ECO_0005676, 8,8,  241,  8,  8, 45
OWL_3, ECO_0001084, 7,7,  235,  7,  7, 46
OWL_3, ECO_0001020, 8,8,  237,  8,  8, 48
OWL_3, ECO_0000095, 7,7,  237,  8,  7, 48
OWL_3, ECO_0001099, 7,7,  238,  8,  7, 47
OWL_3, ECO_0001229, 11,11,  238,  7,  11, 49
OWL_3, ECO_0001179, 8,8,  235,  8,  8, 46
OWL_3, ECO_0000285, 17,17,  234,  8,  17, 45
OWL_3, ECO_0006006, 9,9,  235,  7,  9, 46
OWL_3, ECO_0001825, 6,6,  236,  8,  6, 47
OWL_3, ECO_0000079, 6,6,  234,  8,  6, 48
OWL_3, ECO_0001108, 9,9,  236,  8,  9, 47
OWL_3, ECO_0005589, 13,13,  235,  7,  13, 49
OWL_3, ECO_0005636, 9,9,  234,  7,  9, 47
OWL_3, ECO_0006039, 15,15,  232,  8,  15, 45
OWL_3, ECO_0000146, 7,7,  234,  8,  7, 47
OWL_3, ECO_0001051, 6,6,  251,  9,  6, 52
OWL_3, ECO_0000183, 7,7,  246,  8,  7, 50
OWL_3, ECO_0000265, 9,9,  238,  7,  9, 47
OWL_3, ECO_0001076, 7,7,  235,  7,  7, 49
OWL_3, ECO_0005584, 6,6,  236,  7,  6, 47
OWL_3, ECO_0006021, 11,11,  234,  8,  11, 45
OWL_3, ECO_0000059, 4,4,  235,  8,  4, 47
OWL_3, ECO_0005534, 7,7,  238,  9,  7, 49
OWL_3, ECO_0006033, 8,8,  234,  8,  8, 47
OWL_3, ECO_0000210, 15,15,  235,  8,  15, 47
OWL_3, ECO_0001153, 9,9,  235,  7,  9, 49
OWL_3, ECO_0006030, 14,14,  235,  8,  14, 50
OWL_3, ECO_0000156, 6,6,  240,  9,  6, 48
OWL_3, ECO_0000208, 8,8,  247,  9,  8, 47
OWL_3, ECO_0000033, 4,4,  237,  8,  4, 48
OWL_3, ECO_0001118, 5,5,  234,  8,  5, 47
OWL_3, ECO_0000012, 6,6,  236,  8,  6, 47
OWL_3, ECO_0000312, 5,5,  239,  8,  5, 51
OWL_3, ECO_0001026, 6,6,  261,  10,  6, 77
OWL_3, ECO_0000100, 5,5,  251,  11,  5, 48
OWL_3, ECO_0001049, 5,5,  235,  8,  5, 48
OWL_3, ECO_0000093, 6,6,  235,  9,  6, 54
OWL_3, ECO_0006008, 13,13,  240,  8,  13, 47
OWL_3, ECO_0000006, 3,3,  244,  8,  3, 48
OWL_3, ECO_0001160, 9,9,  235,  7,  9, 49
OWL_3, ECO_0005007, 8,8,  232,  7,  8, 46
OWL_3, ECO_0006025, 13,13,  232,  7,  13, 45
OWL_3, ECO_0001156, 13,13,  234,  7,  13, 47
OWL_3, ECO_0001169, 8,8,  239,  8,  8, 46
OWL_3, ECO_0000334, 5,5,  234,  7,  5, 46
OWL_3, ECO_0000282, 14,14,  235,  7,  14, 47
OWL_3, ECO_0000218, 3,3,  232,  8,  3, 49
OWL_3, ECO_0000032, 15,15,  234,  7,  15, 46
OWL_3, ECO_0006012, 6,6,  232,  8,  6, 45
OWL_3, ECO_0000026, 5,5,  234,  8,  5, 47
OWL_3, ECO_0005572, 6,6,  238,  8,  6, 65
OWL_3, ECO_0001061, 7,7,  246,  10,  7, 53
OWL_3, ECO_0005652, 11,11,  240,  8,  11, 48
OWL_3, ECO_0000340, 4,4,  234,  8,  4, 50
OWL_3, ECO_0000361, 3,3,  233,  8,  3, 47
OWL_3, ECO_0001823, 6,6,  237,  8,  6, 45
OWL_3, ECO_0001144, 11,11,  238,  7,  11, 47
OWL_3, ECO_0001808, 9,9,  236,  8,  9, 47
OWL_3, ECO_0001264, 13,13,  235,  7,  13, 48
OWL_3, ECO_0001075, 7,7,  235,  8,  7, 45
OWL_3, ECO_0000240, 5,5,  232,  8,  5, 52
OWL_3, ECO_0001189, 9,9,  245,  10,  9, 58
OWL_3, ECO_0001147, 8,8,  237,  8,  8, 45
OWL_3, ECO_0000025, 6,6,  242,  8,  6, 58
OWL_3, ECO_0005649, 11,11,  241,  7,  11, 47
OWL_3, ECO_0001135, 8,8,  232,  8,  8, 47
OWL_3, ECO_0000321, 8,8,  236,  8,  8, 47
OWL_3, ECO_0005506, 6,6,  233,  8,  6, 49
OWL_3, ECO_0000235, 6,6,  234,  8,  6, 47
OWL_3, ECO_0001028, 5,5,  232,  8,  5, 48
OWL_3, ECO_0001267, 11,11,  234,  8,  11, 47
OWL_3, ECO_0005576, 6,6,  235,  8,  6, 46
OWL_3, ECO_0005536, 7,7,  233,  9,  7, 47
OWL_3, ECO_0006034, 6,6,  235,  8,  6, 47
OWL_3, ECO_0001175, 8,8,  234,  7,  8, 49
OWL_3, ECO_0000271, 9,9,  237,  10,  9, 47
OWL_3, ECO_0000172, 5,5,  235,  8,  5, 46
OWL_3, ECO_0001043, 9,9,  233,  8,  9, 46
OWL_3, ECO_0005607, 9,9,  235,  7,  9, 46
OWL_3, ECO_0006048, 13,13,  234,  7,  13, 54
OWL_3, ECO_0001221, 11,11,  236,  8,  11, 47
OWL_3, ECO_0000109, 6,6,  239,  7,  6, 50
OWL_3, ECO_0005581, 9,9,  234,  7,  9, 48
OWL_3, ECO_0000247, 9,9,  236,  7,  9, 46
OWL_3, ECO_0000253, 7,7,  233,  8,  7, 47
OWL_3, ECO_0005603, 8,8,  235,  7,  8, 48
OWL_3, ECO_0000180, 4,4,  238,  7,  4, 50
OWL_3, ECO_0006027, 13,13,  236,  8,  13, 47
OWL_3, ECO_0000016, 6,6,  251,  8,  6, 52
OWL_3, ECO_0000292, 6,6,  239,  8,  6, 48
OWL_3, ECO_0001039, 9,9,  236,  8,  9, 46
OWL_3, ECO_0000018, 6,6,  242,  8,  6, 48
OWL_3, ECO_0005643, 11,11,  240,  9,  11, 51
OWL_3, ECO_0001071, 7,7,  235,  8,  7, 48
OWL_3, ECO_0001111, 5,5,  237,  8,  5, 46
OWL_3, ECO_0000320, 8,8,  233,  7,  8, 68
OWL_3, ECO_0005504, 4,4,  239,  8,  4, 47
OWL_3, ECO_0001197, 11,11,  237,  12,  11, 54
OWL_3, ECO_0001205, 11,11,  265,  9,  11, 69
OWL_3, ECO_0000104, 9,9,  265,  9,  9, 50
OWL_3, ECO_0000058, 6,6,  238,  8,  6, 48
OWL_3, ECO_0000299, 6,6,  236,  7,  6, 46
OWL_3, ECO_0000209, 13,13,  238,  8,  13, 50
OWL_3, ECO_0000308, 5,5,  239,  8,  5, 48
OWL_3, ECO_0001024, 6,6,  234,  8,  6, 46
OWL_3, ECO_0001813, 6,6,  234,  8,  6, 48
OWL_3, ECO_0001251, 9,9,  241,  7,  9, 47
OWL_3, ECO_0001273, 8,8,  235,  8,  8, 47
OWL_3, ECO_0005593, 5,5,  237,  8,  5, 47
OWL_3, ECO_0005533, 8,8,  233,  8,  8, 49
OWL_3, ECO_0005644, 10,10,  235,  9,  10, 46
OWL_3, ECO_0001824, 6,6,  236,  8,  6, 46
OWL_3, ECO_0006059, 7,7,  237,  8,  7, 46
OWL_3, ECO_0000222, 7,7,  236,  8,  7, 47
OWL_3, ECO_0001081, 7,7,  237,  8,  7, 47
OWL_3, ECO_0000063, 5,5,  237,  8,  5, 47
OWL_3, ECO_0005620, 13,13,  235,  7,  13, 49
OWL_3, ECO_0000021, 4,4,  236,  8,  4, 48
OWL_3, ECO_0000294, 7,7,  234,  8,  7, 47
OWL_3, ECO_0005521, 7,7,  235,  8,  7, 46
OWL_3, ECO_0000040, 6,6,  235,  8,  6, 47
OWL_3, ECO_0005520, 5,5,  234,  7,  5, 48
OWL_3, ECO_0000005, 6,6,  235,  7,  6, 48
OWL_3, ECO_0005582, 7,7,  239,  8,  7, 54
OWL_3, ECO_0000363, 6,6,  235,  10,  6, 47
OWL_3, ECO_0001227, 9,9,  253,  10,  9, 52
OWL_3, ECO_0000232, 5,5,  249,  9,  5, 51
OWL_3, ECO_0000233, 6,6,  244,  9,  6, 49
OWL_3, ECO_0005654, 15,15,  236,  8,  15, 48
OWL_3, ECO_0001077, 7,7,  238,  8,  7, 57
OWL_3, ECO_0001107, 10,10,  244,  8,  10, 50
OWL_3, ECO_0001088, 7,7,  316,  8,  7, 48
OWL_3, ECO_0000098, 6,6,  242,  8,  6, 47
OWL_3, ECO_0005588, 7,7,  234,  7,  7, 47
OWL_3, ECO_0000061, 5,5,  266,  12,  5, 69
OWL_3, ECO_0001806, 8,8,  282,  10,  8, 79
OWL_3, ECO_0001192, 11,11,  260,  9,  11, 52
OWL_3, ECO_0000178, 6,6,  254,  9,  6, 56
OWL_3, ECO_0005526, 6,6,  248,  8,  6, 54
OWL_3, ECO_0000335, 5,5,  238,  8,  5, 46
OWL_3, ECO_0001174, 10,10,  245,  8,  10, 52
OWL_3, ECO_0000073, 4,4,  240,  8,  4, 47
OWL_3, ECO_0006057, 5,5,  234,  8,  5, 47
OWL_3, ECO_0001008, 9,9,  237,  8,  9, 48
OWL_3, ECO_0001017, 9,9,  233,  7,  9, 50
OWL_3, ECO_0005653, 13,13,  236,  7,  13, 47
OWL_3, ECO_0000116, 8,8,  235,  7,  8, 45
OWL_3, ECO_0000027, 5,5,  236,  8,  5, 48
OWL_3, ECO_0005570, 6,6,  236,  8,  6, 47
OWL_3, ECO_0001256, 9,9,  234,  8,  9, 47
OWL_3, ECO_0001002, 8,8,  237,  7,  8, 48
OWL_3, ECO_0000251, 5,5,  232,  7,  5, 49
OWL_3, ECO_0005554, 6,6,  234,  7,  6, 47
OWL_3, ECO_0001233, 11,11,  235,  7,  11, 45
OWL_3, ECO_0000211, 15,15,  235,  7,  15, 47
OWL_3, ECO_0006022, 8,8,  237,  8,  8, 47
OWL_3, ECO_0000298, 5,5,  234,  7,  5, 47
OWL_3, ECO_0005645, 8,8,  236,  8,  8, 47
OWL_3, ECO_0001151, 11,11,  235,  8,  11, 50
OWL_3, ECO_0000231, 6,6,  235,  8,  6, 48
OWL_3, ECO_0005010, 9,9,  235,  8,  9, 45
OWL_3, ECO_0006035, 11,11,  234,  7,  11, 47
OWL_3, ECO_0001241, 14,14,  237,  8,  14, 48
OWL_3, ECO_0006041, 17,17,  237,  8,  17, 47
OWL_3, ECO_0005608, 9,9,  238,  7,  9, 47
OWL_3, ECO_0006016, 5,5,  234,  8,  5, 50
OWL_3, ECO_0001820, 6,6,  246,  10,  6, 52
OWL_3, ECO_0005604, 4,4,  246,  8,  4, 47
OWL_3, ECO_0005530, 8,8,  247,  9,  8, 57
OWL_3, ECO_0005616, 9,9,  249,  9,  9, 50
OWL_3, ECO_0000347, 9,9,  240,  8,  9, 49
OWL_3, ECO_0006024, 8,8,  246,  9,  8, 53
OWL_3, ECO_0005507, 6,6,  237,  8,  6, 49
OWL_3, ECO_0000254, 7,7,  237,  8,  7, 47
OWL_3, ECO_0000313, 5,5,  236,  8,  5, 45
OWL_3, ECO_0000047, 6,6,  234,  7,  6, 47
OWL_3, ECO_0000154, 8,8,  237,  8,  8, 47
OWL_3, ECO_0000257, 11,11,  236,  8,  11, 47
OWL_3, ECO_0001226, 9,9,  239,  7,  9, 47
OWL_3, ECO_0001011, 9,9,  233,  7,  9, 49
OWL_3, ECO_0001822, 8,8,  234,  8,  8, 47
OWL_3, ECO_0005605, 4,4,  235,  7,  4, 45
OWL_3, ECO_0000205, 4,4,  236,  7,  4, 47
OWL_3, ECO_0001018, 11,11,  236,  8,  11, 48
OWL_3, ECO_0006003, 14,14,  235,  8,  14, 47
OWL_3, ECO_0001237, 8,8,  237,  7,  8, 48
OWL_3, ECO_0001072, 7,7,  237,  7,  7, 50
OWL_3, ECO_0001040, 6,6,  236,  7,  6, 46
OWL_3, ECO_0001149, 8,8,  234,  7,  8, 46
OWL_3, ECO_0000236, 7,7,  234,  8,  7, 48
OWL_3, ECO_0000019, 6,6,  237,  8,  6, 47
OWL_3, ECO_0005031, 4,4,  247,  8,  4, 53
OWL_3, ECO_0000226, 7,7,  279,  8,  7, 46
OWL_3, ECO_0000202, 5,5,  238,  8,  5, 50
OWL_3, ECO_0001603, 7,7,  247,  8,  7, 47
OWL_3, ECO_0001006, 8,8,  238,  7,  8, 52
OWL_3, ECO_0001145, 13,13,  237,  8,  13, 47
OWL_3, ECO_0000000, 2,2,  243,  8,  2, 47
OWL_3, ECO_0001146, 9,9,  234,  7,  9, 47
OWL_3, ECO_0001815, 7,7,  237,  8,  7, 47
OWL_3, ECO_0000204, 3,3,  235,  8,  3, 49
OWL_3, ECO_0001073, 7,7,  242,  8,  7, 47
OWL_3, ECO_0000325, 4,4,  234,  7,  4, 46
OWL_3, ECO_0001034, 5,5,  235,  8,  5, 47
OWL_3, ECO_0005624, 13,13,  243,  8,  13, 49
OWL_3, ECO_0001162, 10,10,  242,  8,  10, 48
OWL_3, ECO_0005542, 7,7,  238,  7,  7, 47
OWL_3, ECO_0000110, 7,7,  235,  7,  7, 49
OWL_3, ECO_0006032, 5,5,  238,  7,  5, 48
OWL_3, ECO_0000118, 8,8,  234,  7,  8, 45
OWL_3, ECO_0005509, 5,5,  235,  8,  5, 47
OWL_3, ECO_0000315, 8,8,  238,  8,  8, 47
OWL_3, ECO_0000062, 6,6,  234,  8,  6, 47
OWL_3, ECO_0001035, 5,5,  245,  8,  5, 47
OWL_3, ECO_0000083, 7,7,  234,  8,  7, 50
OWL_3, ECO_0005508, 6,6,  235,  8,  6, 47
OWL_3, ECO_0001816, 6,6,  234,  7,  6, 45
OWL_3, ECO_0001033, 9,9,  235,  8,  9, 47
OWL_3, ECO_0001003, 10,10,  237,  8,  10, 47
OWL_3, ECO_0001157, 12,12,  235,  7,  12, 47
OWL_3, ECO_0000276, 11,11,  237,  8,  11, 47
OWL_3, ECO_0000065, 6,6,  234,  7,  6, 49
OWL_3, ECO_0001098, 6,6,  235,  7,  6, 47
OWL_3, ECO_0000170, 6,6,  234,  7,  6, 45
OWL_3, ECO_0005553, 5,5,  235,  8,  5, 48
OWL_3, ECO_0001165, 9,9,  237,  8,  9, 47
OWL_3, ECO_0001087, 7,7,  234,  8,  7, 46
OWL_3, ECO_0001263, 9,9,  236,  8,  9, 47
OWL_3, ECO_0001247, 8,8,  237,  8,  8, 48
OWL_3, ECO_0000287, 13,13,  237,  7,  13, 46
OWL_3, ECO_0000138, 7,7,  237,  7,  7, 45
OWL_3, ECO_0001086, 7,7,  295,  8,  7, 64
OWL_3, ECO_0001100, 9,9,  283,  9,  9, 52
OWL_3, ECO_0005585, 6,6,  238,  8,  6, 48
OWL_3, ECO_0000331, 12,12,  246,  7,  12, 47
OWL_3, ECO_0000044, 4,4,  237,  8,  4, 49
OWL_3, ECO_0000239, 6,6,  235,  8,  6, 47
OWL_3, ECO_0001048, 5,5,  235,  7,  5, 45
OWL_3, ECO_0000243, 6,6,  236,  8,  6, 46
OWL_3, ECO_0001027, 5,5,  236,  7,  5, 47
OWL_3, ECO_0005033, 8,8,  235,  7,  8, 47
OWL_3, ECO_0000064, 7,7,  236,  8,  7, 47
OWL_3, ECO_0006018, 5,5,  233,  8,  5, 50
OWL_3, ECO_0000207, 8,8,  239,  8,  8, 47
OWL_3, ECO_0000260, 11,11,  236,  8,  11, 45
OWL_3, ECO_0000289, 11,11,  235,  8,  11, 47
OWL_3, ECO_0000030, 13,13,  237,  7,  13, 46
OWL_3, ECO_0001818, 7,7,  233,  7,  7, 47
OWL_3, ECO_0001068, 7,7,  237,  7,  7, 47
OWL_3, ECO_0001220, 11,11,  233,  7,  11, 49
OWL_3, ECO_0005517, 5,5,  234,  8,  5, 46
OWL_3, ECO_0005596, 12,12,  233,  7,  12, 45
OWL_3, ECO_0001261, 13,13,  235,  8,  13, 47
OWL_3, ECO_0005648, 9,9,  236,  7,  9, 48
OWL_3, ECO_0005503, 6,6,  235,  7,  6, 47
OWL_3, ECO_0000071, 5,5,  238,  8,  5, 47
OWL_3, ECO_0005549, 4,4,  234,  8,  4, 49
OWL_3, ECO_0005631, 11,11,  233,  8,  11, 47
OWL_3, ECO_0000302, 5,5,  236,  8,  5, 45
OWL_3, ECO_0001245, 10,10,  253,  10,  10, 47
OWL_3, ECO_0001259, 8,8,  237,  8,  8, 49
OWL_3, ECO_0005668, 14,14,  235,  8,  14, 62
OWL_3, ECO_0006011, 11,11,  235,  7,  11, 48
OWL_3, ECO_0000004, 6,6,  235,  8,  6, 50
OWL_3, ECO_0000132, 8,8,  236,  8,  8, 46
OWL_3, ECO_0000212, 3,3,  230,  8,  3, 48
OWL_3, ECO_0000290, 13,13,  237,  8,  13, 47
OWL_3, ECO_0001097, 6,6,  239,  7,  6, 48
OWL_3, ECO_0000305, 6,6,  238,  8,  6, 47
OWL_3, ECO_0005601, 19,19,  239,  7,  19, 47
OWL_3, ECO_0001805, 6,6,  236,  8,  6, 49
OWL_3, ECO_0005612, 9,9,  235,  8,  9, 47
OWL_3, ECO_0005021, 8,8,  235,  7,  8, 46
OWL_3, ECO_0000074, 5,5,  233,  7,  5, 47
OWL_3, ECO_0001244, 10,10,  236,  7,  10, 47
OWL_3, ECO_0005651, 8,8,  233,  7,  8, 48
OWL_3, ECO_0001066, 7,7,  237,  7,  7, 47
OWL_3, ECO_0001187, 11,11,  235,  7,  11, 49
OWL_3, ECO_0001129, 7,7,  236,  8,  7, 47
OWL_3, ECO_0001193, 11,11,  234,  7,  11, 46
OWL_3, ECO_0001270, 9,9,  235,  8,  9, 47
OWL_3, ECO_0000052, 6,6,  235,  8,  6, 47
OWL_3, ECO_0001067, 7,7,  238,  7,  7, 48
OWL_3, ECO_0001262, 12,12,  237,  7,  12, 47
OWL_3, ECO_0000314, 7,7,  236,  8,  7, 49
OWL_3, ECO_0000344, 8,8,  233,  8,  8, 47
OWL_3, ECO_0000269, 5,5,  233,  8,  5, 45
OWL_3, ECO_0001042, 5,5,  235,  7,  5, 47
OWL_3, ECO_0000342, 7,7,  235,  7,  7, 47
OWL_3, ECO_0000501, 3,3,  234,  8,  3, 47
OWL_3, ECO_0001117, 6,6,  239,  7,  6, 46
OWL_3, ECO_0001044, 6,6,  235,  7,  6, 48
OWL_3, ECO_0000274, 11,11,  233,  8,  11, 46
OWL_3, ECO_0005639, 9,9,  234,  7,  9, 46
OWL_3, ECO_0005535, 6,6,  232,  8,  6, 47
OWL_3, ECO_0000140, 5,5,  235,  7,  5, 47
OWL_3, ECO_0000134, 5,5,  233,  7,  5, 48
OWL_3, ECO_0005610, 6,6,  236,  7,  6, 46
OWL_3, ECO_0000332, 12,12,  251,  7,  12, 49
OWL_3, ECO_0001152, 11,11,  236,  7,  11, 46
OWL_3, ECO_0001217, 11,11,  233,  8,  11, 45
OWL_3, ECO_0001201, 11,11,  233,  7,  11, 47
OWL_3, ECO_0000045, 8,8,  236,  8,  8, 47
OWL_3, ECO_0000200, 5,5,  234,  8,  5, 47
OWL_3, ECO_0001173, 13,13,  238,  8,  13, 47
OWL_3, ECO_0005614, 10,10,  249,  8,  10, 53
OWL_3, ECO_0005621, 10,10,  238,  8,  10, 47
OWL_3, ECO_0000275, 11,11,  236,  8,  11, 47
OWL_3, ECO_0000337, 5,5,  239,  9,  5, 54
OWL_3, ECO_0000225, 6,6,  261,  8,  6, 48
OWL_3, ECO_0001023, 6,6,  237,  7,  6, 48
OWL_3, ECO_0001195, 11,11,  236,  8,  11, 46
OWL_3, ECO_0005627, 10,10,  232,  8,  10, 51
OWL_3, ECO_0001172, 9,9,  235,  8,  9, 47
OWL_3, ECO_0000122, 6,6,  234,  7,  6, 45
OWL_3, ECO_0000241, 5,5,  236,  7,  5, 47
OWL_3, ECO_0000024, 8,8,  237,  7,  8, 47
OWL_3, ECO_0000327, 7,7,  232,  7,  7, 47
OWL_3, ECO_0001063, 7,7,  236,  8,  7, 47
OWL_3, ECO_0001235, 13,13,  236,  7,  13, 50
OWL_3, ECO_0000238, 6,6,  233,  7,  6, 47
OWL_3, ECO_0000086, 5,5,  235,  7,  5, 45
OWL_3, ECO_0001215, 11,11,  243,  8,  11, 52
OWL_3, ECO_0001001, 8,8,  245,  8,  8, 51
OWL_3, ECO_0000034, 4,4,  248,  8,  4, 47
OWL_3, ECO_0000007, 6,6,  235,  7,  6, 47
OWL_3, ECO_0001819, 7,7,  235,  7,  7, 49
OWL_3, ECO_0006028, 8,8,  231,  8,  8, 46
OWL_3, ECO_0005511, 5,5,  234,  8,  5, 45
OWL_3, ECO_0006038, 8,8,  233,  8,  8, 49
OWL_3, ECO_0001083, 7,7,  235,  7,  7, 47
OWL_3, ECO_0006004, 13,13,  234,  7,  13, 46
OWL_3, ECO_0000029, 6,6,  233,  7,  6, 47
OWL_3, ECO_0000307, 8,8,  233,  7,  8, 48
OWL_3, ECO_0000360, 4,4,  233,  7,  4, 47
OWL_3, ECO_0001803, 6,6,  235,  7,  6, 45
OWL_3, ECO_0000077, 6,6,  234,  8,  6, 47
OWL_3, ECO_0001143, 12,12,  235,  7,  12, 47
OWL_3, ECO_0001126, 5,5,  233,  8,  5, 47
OWL_3, ECO_0001183, 9,9,  235,  8,  9, 47
OWL_3, ECO_0000311, 3,3,  234,  7,  3, 50
OWL_3, ECO_0001809, 5,5,  234,  7,  5, 46
OWL_3, ECO_0000357, 6,6,  233,  8,  6, 49
OWL_3, ECO_0000041, 3,3,  234,  8,  3, 47
OWL_3, ECO_0005662, 13,13,  235,  7,  13, 47
OWL_3, ECO_0001826, 7,7,  234,  7,  7, 47
OWL_3, ECO_0005619, 10,10,  245,  8,  10, 50
OWL_3, ECO_0005635, 8,8,  250,  8,  8, 49
OWL_3, ECO_0000011, 5,5,  232,  7,  5, 47
OWL_3, ECO_0005527, 9,9,  236,  8,  9, 46
OWL_3, ECO_0005633, 9,9,  234,  8,  9, 47
OWL_3, ECO_0005661, 9,9,  235,  8,  9, 47
OWL_3, ECO_0001184, 8,8,  233,  8,  8, 47
OWL_3, ECO_0005667, 8,8,  237,  7,  8, 47
OWL_3, ECO_0000101, 6,6,  232,  8,  6, 49
OWL_3, ECO_0001032, 5,5,  233,  7,  5, 47
OWL_3, ECO_0005525, 9,9,  231,  7,  9, 48
OWL_3, ECO_0000184, 8,8,  233,  7,  8, 47
OWL_3, ECO_0005590, 13,13,  237,  8,  13, 48
OWL_3, ECO_0000136, 6,6,  237,  7,  6, 47
OWL_3, ECO_0005675, 5,5,  232,  8,  5, 47
OWL_3, ECO_0000295, 6,6,  232,  7,  6, 50
OWL_3, ECO_0005805, 11,11,  232,  7,  11, 46
OWL_3, ECO_0000002, 4,4,  234,  8,  4, 49
OWL_3, ECO_0006040, 9,9,  235,  7,  9, 46
OWL_3, ECO_0005512, 5,5,  235,  8,  5, 47
OWL_3, ECO_0005628, 8,8,  239,  8,  8, 47
OWL_3, ECO_0001224, 12,12,  236,  7,  12, 47
OWL_3, ECO_0001101, 9,9,  233,  8,  9, 49
OWL_3, ECO_0000028, 6,6,  233,  8,  6, 47
OWL_3, ECO_0001010, 5,5,  233,  7,  5, 46
OWL_3, ECO_0000322, 6,6,  234,  8,  6, 47
OWL_3, ECO_0000092, 9,9,  234,  8,  9, 47
OWL_3, ECO_0006013, 11,11,  233,  8,  11, 46
OWL_3, ECO_0000306, 8,8,  236,  8,  8, 47
OWL_3, ECO_0000362, 4,4,  234,  7,  4, 49
OWL_3, ECO_0005502, 6,6,  234,  7,  6, 48
OWL_3, ECO_0000266, 9,9,  234,  8,  9, 46
OWL_3, ECO_0005629, 8,8,  232,  8,  8, 47
OWL_3, ECO_0001208, 11,11,  235,  8,  11, 47
OWL_3, ECO_0001176, 13,13,  232,  8,  13, 46
OWL_3, ECO_0001827, 7,7,  237,  7,  7, 47
OWL_3, ECO_0000278, 11,11,  233,  7,  11, 49
OWL_3, ECO_0001216, 11,11,  235,  7,  11, 47
OWL_3, ECO_0005543, 7,7,  234,  8,  7, 49
OWL_3, ECO_0001240, 9,9,  243,  17,  9, 63
OWL_3, ECO_0005655, 15,15,  255,  8,  15, 50
OWL_3, ECO_0005665, 8,8,  349,  14,  8, 80
OWL_3, ECO_0001177, 9,9,  246,  8,  9, 57
OWL_3, ECO_0000268, 5,5,  240,  8,  5, 51
OWL_3, ECO_0001079, 7,7,  238,  7,  7, 48
OWL_3, ECO_0001103, 5,5,  234,  7,  5, 49
OWL_3, ECO_0000176, 6,6,  234,  8,  6, 47
OWL_3, ECO_0005564, 6,6,  237,  8,  6, 47
OWL_3, ECO_0000057, 4,4,  272,  8,  4, 49
OWL_3, ECO_0000245, 7,7,  238,  7,  7, 51
OWL_3, ECO_0000366, 7,7,  233,  8,  7, 50
OWL_3, ECO_0001271, 9,9,  234,  8,  9, 47
OWL_3, ECO_0006051, 10,10,  235,  8,  10, 49
OWL_3, ECO_0000264, 13,13,  234,  8,  13, 47
OWL_3, ECO_0006002, 11,11,  236,  8,  11, 48
OWL_3, ECO_0001141, 14,14,  234,  7,  14, 47
OWL_3, ECO_0005597, 21,21,  235,  7,  21, 47
OWL_3, ECO_0000048, 6,6,  232,  7,  6, 69
OWL_3, ECO_0001258, 8,8,  235,  8,  8, 48
OWL_3, ECO_0001178, 9,9,  233,  8,  9, 45
OWL_3, ECO_0006044, 11,11,  235,  8,  11, 47
OWL_3, ECO_0005510, 5,5,  235,  8,  5, 47
OWL_3, ECO_0006050, 10,10,  234,  8,  10, 47
OWL_3, ECO_0001218, 11,11,  235,  7,  11, 47
OWL_3, ECO_0005513, 5,5,  233,  7,  5, 50
OWL_3, ECO_0005561, 11,11,  237,  7,  11, 48
OWL_3, ECO_0006009, 13,13,  238,  9,  13, 47
OWL_3, ECO_0005522, 6,6,  235,  8,  6, 48
OWL_3, ECO_0001158, 12,12,  236,  8,  12, 48
OWL_3, ECO_0001232, 11,11,  235,  7,  11, 48
OWL_3, ECO_0000067, 5,5,  236,  8,  5, 47
OWL_3, ECO_0001060, 7,7,  234,  8,  7, 49
OWL_3, ECO_0001070, 7,7,  234,  8,  7, 46
OWL_3, ECO_0005606, 4,4,  228,  7,  4, 45
OWL_3, ECO_0001213, 11,11,  232,  8,  11, 47
OWL_3, ECO_0001022, 6,6,  237,  8,  6, 47
OWL_3, ECO_0001239, 13,13,  232,  8,  13, 47
OWL_3, ECO_0000166, 6,6,  235,  8,  6, 46
OWL_3, ECO_0001131, 7,7,  233,  8,  7, 49
OWL_3, ECO_0006014, 7,7,  235,  8,  7, 46
OWL_3, ECO_0001238, 8,8,  234,  8,  8, 45
OWL_3, ECO_0005656, 11,11,  234,  7,  11, 47
OWL_3, ECO_0005659, 13,13,  235,  7,  13, 47
OWL_3, ECO_0000097, 6,6,  235,  7,  6, 48
OWL_3, ECO_0006046, 13,13,  235,  7,  13, 48
OWL_3, ECO_0000201, 5,5,  234,  8,  5, 49
OWL_3, ECO_0000291, 9,9,  234,  8,  9, 47
OWL_3, ECO_0001223, 12,12,  234,  8,  12, 46
OWL_3, ECO_0001219, 11,11,  234,  7,  11, 47
OWL_3, ECO_0001212, 11,11,  238,  7,  11, 47
OWL_3, ECO_0000323, 6,6,  235,  8,  6, 48
OWL_3, ECO_0001828, 9,9,  235,  7,  9, 47
OWL_3, ECO_0005546, 8,8,  233,  7,  8, 49
OWL_3, ECO_0006007, 13,13,  234,  8,  13, 47
OWL_3, ECO_0000310, 6,6,  232,  7,  6, 45
OWL_3, ECO_0001148, 13,13,  233,  8,  13, 46
OWL_3, ECO_0000352, 3,3,  237,  7,  3, 48
OWL_3, ECO_0005547, 6,6,  236,  7,  6, 48
OWL_3, ECO_0006049, 10,10,  236,  8,  10, 46
OWL_3, ECO_0001069, 7,7,  233,  7,  7, 49
OWL_3, ECO_0000108, 10,10,  234,  8,  10, 47
OWL_3, ECO_0000359, 6,6,  233,  7,  6, 45
OWL_3, ECO_0005618, 10,10,  233,  8,  10, 47
OWL_3, ECO_0005647, 10,10,  238,  7,  10, 47
OWL_3, ECO_0000354, 7,7,  236,  7,  7, 47
OWL_3, ECO_0005557, 11,11,  238,  8,  11, 47
OWL_3, ECO_0000106, 7,7,  232,  8,  7, 49
OWL_3, ECO_0000248, 9,9,  233,  8,  9, 47
OWL_3, ECO_0005566, 6,6,  235,  7,  6, 45
OWL_3, ECO_0001047, 8,8,  232,  7,  8, 47
OWL_3, ECO_0001058, 7,7,  235,  8,  7, 47
OWL_3, ECO_0005531, 7,7,  235,  7,  7, 47
OWL_3, ECO_0000338, 6,6,  235,  7,  6, 46
OWL_3, ECO_0000349, 14,14,  234,  7,  14, 48
OWL_3, ECO_0001804, 6,6,  234,  8,  6, 46
OWL_3, ECO_0006056, 5,5,  231,  7,  5, 45
OWL_3, ECO_0001065, 7,7,  233,  7,  7, 46
OWL_3, ECO_0005594, 9,9,  235,  7,  9, 47
OWL_3, ECO_0001080, 7,7,  232,  7,  7, 46
OWL_3, ECO_0001163, 11,11,  236,  8,  11, 47
OWL_3, ECO_0000283, 14,14,  235,  7,  14, 49
OWL_3, ECO_0001821, 6,6,  235,  8,  6, 47
OWL_3, ECO_0005008, 9,9,  234,  8,  9, 46
OWL_3, ECO_0000272, 11,11,  233,  7,  11, 46
OWL_3, ECO_0000262, 13,13,  234,  7,  13, 46
OWL_3, ECO_0001180, 10,10,  234,  8,  10, 47
OWL_3, ECO_0000267, 6,6,  236,  7,  6, 47
OWL_3, ECO_0001019, 9,9,  235,  7,  9, 49
OWL_3, ECO_0000263, 13,13,  233,  7,  13, 46
OWL_3, ECO_0001150, 11,11,  232,  8,  11, 46
OWL_3, ECO_0001124, 6,6,  232,  8,  6, 47
OWL_3, ECO_0000224, 7,7,  234,  7,  7, 47
OWL_3, ECO_0006058, 4,4,  232,  7,  4, 47
OWL_3, ECO_0001138, 12,12,  249,  8,  12, 46
OWL_3, ECO_0001159, 10,10,  232,  8,  10, 49
OWL_3, ECO_0005672, 9,9,  233,  7,  9, 46
OWL_3, ECO_0000343, 8,8,  233,  7,  8, 45
OWL_3, ECO_0005598, 8,8,  233,  8,  8, 47
OWL_3, ECO_0001188, 11,11,  234,  7,  11, 48
OWL_3, ECO_0005559, 13,13,  233,  7,  13, 48
OWL_3, ECO_0000286, 11,11,  237,  8,  11, 47
OWL_3, ECO_0000230, 8,8,  231,  7,  8, 48
OWL_3, ECO_0005573, 7,7,  232,  7,  7, 47
OWL_3, ECO_0005625, 13,13,  232,  8,  13, 45
OWL_3, ECO_0001211, 11,11,  233,  8,  11, 47
OWL_3, ECO_0001272, 8,8,  235,  7,  8, 47
OWL_3, ECO_0001082, 7,7,  234,  7,  7, 47
OWL_3, ECO_0001132, 6,6,  236,  8,  6, 47
OWL_3, ECO_0006052, 10,10,  233,  8,  10, 49
OWL_3, ECO_0006036, 7,7,  233,  7,  7, 46
OWL_3, ECO_0001123, 5,5,  234,  8,  5, 45
OWL_3, ECO_0000089, 6,6,  234,  7,  6, 46
OWL_3, ECO_0000258, 11,11,  236,  8,  11, 47
OWL_3, ECO_0001807, 9,9,  233,  8,  9, 46
OWL_3, ECO_0000070, 8,8,  236,  7,  8, 47
OWL_3, ECO_0000039, 5,5,  234,  8,  5, 49
OWL_3, ECO_0001265, 10,10,  232,  7,  10, 47
OWL_3, ECO_0000281, 14,14,  232,  7,  14, 46
OWL_3, ECO_0005650, 11,11,  234,  8,  11, 47
OWL_3, ECO_0000130, 8,8,  235,  8,  8, 47
OWL_3, ECO_0001090, 7,7,  232,  7,  7, 47
OWL_3, ECO_0001074, 7,7,  235,  7,  7, 46
OWL_3, ECO_0000284, 12,12,  235,  7,  12, 51
OWL_3, ECO_0000008, 4,4,  232,  7,  4, 47
OWL_3, ECO_0006029, 13,13,  233,  7,  13, 46
OWL_3, ECO_0000270, 7,7,  232,  7,  7, 46
OWL_3, ECO_0000088, 3,3,  235,  8,  3, 47
OWL_3, ECO_0001013, 7,7,  257,  8,  7, 54
OWL_3, ECO_0000339, 6,6,  253,  8,  6, 47
OWL_3, ECO_0000015, 5,5,  233,  7,  5, 48
OWL_3, ECO_0000220, 4,4,  232,  8,  4, 47
OWL_3, ECO_0005646, 7,7,  235,  7,  7, 46
OWL_3, ECO_0001181, 9,9,  236,  7,  9, 46
OWL_3, ECO_0000242, 6,6,  235,  7,  6, 47
OWL_4, TinyPolarAminoAcid, 4,4,  88,  119,  5, 86
OWL_4, Size, 3,3,  7,  13,  3, 22
OWL_4, I, 6,6,  11,  14,  6, 19
OWL_4, Hydrophobicity, 3,3,  11,  18,  3, 18
OWL_4, Q, 6,6,  5,  14,  6, 17
OWL_4, Positive, 2,4,  14,  9,  4, 22
OWL_4, Neutral, 2,4,  10,  10,  4, 21
OWL_4, Large, 2,4,  9,  20,  4, 48
OWL_4, AliphaticAminoAcid, 4,4,  7,  9,  4, 17
OWL_4, Non-Polar, 2,4,  6,  21,  4, 38
OWL_4, M, 6,6,  30,  19,  6, 40
OWL_4, LargeAliphaticAminoAcid, 5,5,  8,  10,  5, 21
OWL_4, RefiningFeature, 2,2,  9,  11,  2, 19
OWL_4, W, 5,5,  9,  13,  5, 18
OWL_4, Aliphatic, 2,4,  8,  8,  4, 11
OWL_4, Y, 5,5,  10,  7,  5, 15
OWL_4, Tiny, 2,4,  7,  12,  4, 23
OWL_4, Polar, 2,4,  7,  8,  4, 13
OWL_4, SideChainStructure, 3,3,  7,  7,  3, 17
OWL_4, C, 2,5,  7,  14,  5, 11
OWL_4, E, 2,6,  6,  11,  6, 16
OWL_4, Hydrophobic, 2,4,  9,  12,  4, 15
OWL_4, NegativeChargedAminoAcid, 5,5,  8,  8,  5, 10
OWL_4, R, 7,7,  7,  11,  7, 19
OWL_4, V, 2,5,  7,  8,  5, 13
OWL_4, T, 5,6,  11,  14,  6, 16
OWL_4, S, 5,6,  10,  10,  6, 13
OWL_4, N, 2,5,  7,  13,  5, 9
OWL_4, AromaticAminoAcid, 4,4,  7,  11,  4, 8
OWL_4, A, 5,5,  6,  7,  5, 8
OWL_4, Charge, 3,3,  8,  8,  3, 17
OWL_4, PositiveChargedAminoAcid, 4,4,  12,  9,  4, 14
OWL_4, L, 2,6,  6,  9,  6, 12
OWL_4, Small, 2,4,  8,  12,  4, 11
OWL_4, H, 5,6,  8,  11,  6, 13
OWL_4, G, 2,5,  7,  6,  5, 8
OWL_4, F, 2,5,  7,  7,  5, 9
OWL_4, AminoAcid, 3,3,  10,  8,  3, 14
OWL_4, Negative, 2,4,  9,  10,  4, 10
OWL_4, Aromatic, 2,4,  7,  12,  4, 9
OWL_4, P, 2,5,  8,  6,  5, 11
OWL_4, D, 2,6,  7,  13,  6, 12
OWL_4, Hydrophilic, 2,4,  10,  11,  4, 9
OWL_4, K, 6,7,  8,  5,  7, 12
OWL_4, Polarity, 3,3,  6,  6,  3, 9
OWL_4, SpecificAminoAcid, 3,3,  6,  5,  3, 12
OWL_5," ""CheesyPizza""", 5,5,  126,  85,  5, 320
OWL_5," ""RosemaryTopping""", 6,7,  21,  27,  7, 226
OWL_5," ""NonVegetarianPizza""", 5,5,  21,  15,  5, 147
OWL_5," ""OliveTopping""", 6,7,  21,  16,  7, 135
OWL_5," ""RocketTopping""", 6,7,  18,  13,  7, 146
OWL_5," ""SpicyPizza""", 5,6,  18,  13,  6, 122
OWL_5," ""NutTopping""", 5,6,  22,  18,  6, 129
OWL_5," ""VegetarianPizza2""", 5,2,  15,  12,  7, 147
OWL_5," ""OnionTopping""", 6,7,  20,  12,  7, 107
OWL_5," ""PizzaTopping""", 4,4,  15,  8,  4, 99
OWL_5," ""FruitTopping""", 5,6,  14,  9,  6, 85
OWL_5," ""Soho""", 6,7,  13,  9,  11, 98
OWL_5," ""VegetarianPizza""", 5,5,  12,  8,  5, 92
OWL_5," ""Cajun""", 6,9,  12,  6,  11, 87
OWL_5," ""SauceTopping""", 5,6,  10,  10,  6, 85
OWL_5," ""ParmezanTopping""", 6,7,  11,  9,  7, 82
OWL_5," ""Hot""", 4,4,  10,  8,  4, 80
OWL_5," ""SweetPepperTopping""", 7,8,  10,  6,  8, 74
OWL_5," ""VegetarianTopping""", 5,5,  11,  7,  5, 79
OWL_5," ""Mild""", 4,4,  10,  6,  4, 79
OWL_5," ""LaReine""", 6,8,  10,  6,  10, 76
OWL_5," ""Napoletana""", 8,8,  11,  6,  11, 78
OWL_5," ""GoatsCheeseTopping""", 6,7,  10,  6,  7, 76
OWL_5," ""PeperoniSausageTopping""", 6,6,  10,  6,  6, 75
OWL_5," ""DeepPanBase""", 5,5,  10,  8,  5, 67
OWL_5," ""PeperonataTopping""", 7,8,  10,  6,  8, 77
OWL_5," ""IceCream""", 4,101,  10,  5,  101, 68
OWL_5," ""Caprina""", 6,7,  10,  5,  11, 70
OWL_5," ""SlicedTomatoTopping""", 7,8,  10,  6,  8, 71
OWL_5," ""Siciliana""", 6,8,  10,  6,  10, 68
OWL_5," ""Giardiniera""", 6,7,  10,  6,  11, 72
OWL_5," ""VegetarianPizza1""", 5,2,  8,  4,  7, 66
OWL_5," ""Capricciosa""", 6,8,  9,  5,  10, 77
OWL_5," ""PetitPoisTopping""", 6,7,  9,  9,  7, 69
OWL_5," ""ChickenTopping""", 6,6,  9,  5,  6, 70
OWL_5," ""ThinAndCrispyBase""", 5,5,  9,  5,  5, 71
OWL_5," ""RealItalianPizza""", 5,5,  9,  5,  6, 71
OWL_5," ""MixedSeafoodTopping""", 6,6,  9,  5,  6, 70
OWL_5," ""SultanaTopping""", 6,7,  9,  5,  7, 70
OWL_5," ""PolloAdAstra""", 6,10,  9,  5,  12, 73
OWL_5," ""TomatoTopping""", 6,7,  10,  5,  7, 73
OWL_5," ""ThinAndCrispyPizza""", 5,2,  9,  5,  5, 68
OWL_5," ""UnclosedPizza""", 5,6,  10,  6,  6, 85
OWL_5," ""CajunSpiceTopping""", 7,8,  10,  5,  8, 64
OWL_5," ""CheeseTopping""", 5,6,  8,  7,  6, 74
OWL_5," ""Parmense""", 6,8,  10,  5,  10, 70
OWL_5," ""AsparagusTopping""", 6,7,  10,  5,  7, 65
OWL_5," ""Fiorentina""", 6,7,  10,  4,  11, 70
OWL_5," ""AmericanHot""", 6,10,  12,  5,  12, 66
OWL_5," ""HerbSpiceTopping""", 5,6,  9,  4,  6, 75
OWL_5," ""VegetableTopping""", 5,6,  9,  4,  6, 73
OWL_5," ""SpinachTopping""", 6,7,  9,  5,  7, 65
OWL_5," ""SpicyPizzaEquivalent""", 5,6,  9,  5,  6, 68
OWL_5," ""PepperTopping""", 6,7,  9,  4,  7, 69
OWL_5," ""Rosa""", 6,7,  9,  4,  11, 69
OWL_5," ""ValuePartition""", 2,2,  9,  4,  2, 70
OWL_5," ""Margherita""", 6,7,  9,  4,  10, 76
OWL_5," ""Country""", 3,3,  10,  4,  3, 76
OWL_5," ""InterestingPizza""", 5,2,  9,  4,  5, 65
OWL_5," ""AnchoviesTopping""", 6,6,  9,  4,  6, 71
OWL_5," ""QuattroFormaggi""", 6,7,  9,  4,  10, 70
OWL_5," ""PizzaBase""", 4,4,  9,  4,  4, 69
OWL_5," ""HotGreenPepperTopping""", 9,10,  11,  4,  10, 64
OWL_5," ""SloppyGiuseppe""", 6,10,  10,  4,  12, 68
OWL_5," ""CaperTopping""", 6,7,  9,  3,  7, 72
OWL_5," ""LeekTopping""", 6,7,  9,  4,  7, 69
OWL_5," ""PizzaComUmNome""", 5,5,  9,  4,  5, 69
OWL_5," ""ArtichokeTopping""", 6,7,  9,  4,  7, 65
OWL_5," ""SundriedTomatoTopping""", 7,8,  11,  4,  8, 65
OWL_5," ""DomainThing""", 2,2,  8,  3,  2, 72
OWL_5," ""Medium""", 4,4,  9,  4,  4, 67
OWL_5," ""MozzarellaTopping""", 6,7,  8,  4,  7, 65
OWL_5," ""ParmaHamTopping""", 7,7,  9,  4,  7, 70
OWL_5," ""MeatTopping""", 5,5,  9,  4,  5, 66
OWL_5," ""GarlicTopping""", 6,7,  11,  4,  7, 68
OWL_5," ""FourSeasons""", 6,8,  9,  4,  10, 74
OWL_5," ""FourCheesesTopping""", 6,7,  9,  4,  7, 65
OWL_5," ""HotSpicedBeefTopping""", 7,7,  10,  4,  7, 71
OWL_5," ""MushroomTopping""", 6,7,  8,  4,  7, 62
OWL_5," ""CheesyVegetableTopping""", 7,101,  11,  4,  101, 69
OWL_5," ""SpicyTopping""", 5,5,  9,  4,  5, 68
OWL_5," ""PineKernelTopping""", 6,7,  9,  4,  7, 66
OWL_5," ""JalapenoPepperTopping""", 8,9,  9,  4,  9, 74
OWL_5," ""FruttiDiMare""", 6,6,  8,  4,  8, 67
OWL_5," ""Veneziana""", 8,8,  9,  4,  13, 68
OWL_5," ""PrawnsTopping""", 6,6,  8,  4,  6, 66
OWL_5," ""Mushroom""", 6,7,  9,  3,  11, 69
OWL_5," ""American""", 6,8,  10,  5,  10, 83
OWL_5," ""Pizza""", 4,4,  9,  5,  4, 66
OWL_5," ""Food""", 3,3,  8,  3,  3, 63
OWL_5," ""HamTopping""", 6,6,  8,  4,  6, 59
OWL_5," ""Spiciness""", 3,3,  8,  3,  3, 63
OWL_5," ""RedOnionTopping""", 7,8,  8,  4,  8, 64
OWL_5," ""MeatyPizza""", 5,5,  7,  3,  6, 65
OWL_5," ""PrinceCarlo""", 6,7,  9,  3,  11, 66
OWL_5," ""TobascoPepperSauceTopping""", 7,8,  8,  3,  8, 61
OWL_5," ""SeafoodTopping""", 5,5,  8,  3,  5, 61
OWL_5," ""GreenPepperTopping""", 7,8,  8,  3,  8, 63
OWL_5," ""GorgonzolaTopping""", 6,7,  8,  3,  7, 67
salad_bar.owx, Oregano, 5,5,  92,  111,  5, 158
salad_bar.owx, Non_Vegetarian, 4,4,  17,  20,  4, 57
salad_bar.owx, Caeser_Salad, 5,9,  9,  20,  9, 42
salad_bar.owx, Shrimp, 6,6,  11,  20,  6, 50
salad_bar.owx, Vegetable, 4,4,  6,  15,  4, 35
salad_bar.owx, Greek_Salad, 5,6,  10,  13,  7, 45
salad_bar.owx, Dressing, 4,4,  9,  10,  4, 39
salad_bar.owx, TortillaChips, 5,5,  11,  10,  5, 46
salad_bar.owx, Mint, 5,5,  7,  9,  5, 29
salad_bar.owx, CaesarDressing, 5,5,  5,  11,  5, 30
salad_bar.owx, Avocado, 5,5,  6,  14,  5, 27
salad_bar.owx, Parsley, 5,5,  9,  9,  5, 31
salad_bar.owx, LimeVinegar, 5,5,  8,  8,  5, 29
salad_bar.owx, Balsamicglaze, 5,5,  11,  7,  5, 29
salad_bar.owx, Ingredients, 3,3,  6,  9,  3, 27
salad_bar.owx, Dairy, 5,5,  6,  12,  5, 25
salad_bar.owx, GlutenValue, 2,2,  7,  8,  2, 28
salad_bar.owx, Salad, 3,3,  11,  12,  3, 25
salad_bar.owx, Corn, 5,5,  6,  11,  5, 23
salad_bar.owx, Cobb_Salad, 5,5,  8,  14,  8, 25
salad_bar.owx, Salad_Name, 4,4,  6,  7,  4, 23
salad_bar.owx, Protein, 4,4,  5,  6,  4, 17
salad_bar.owx, Croutons, 5,5,  5,  12,  5, 22
salad_bar.owx, Spinach, 5,5,  7,  13,  5, 27
salad_bar.owx, Pescitarian, 4,5,  9,  11,  6, 25
salad_bar.owx, Lettuce, 5,5,  5,  9,  5, 21
salad_bar.owx, NoGluten, 4,4,  6,  8,  4, 23
salad_bar.owx, SmokedSalmonSalad, 5,8,  8,  10,  8, 22
salad_bar.owx, Chicken, 6,6,  6,  9,  6, 25
salad_bar.owx, Herbs, 4,4,  5,  8,  4, 26
salad_bar.owx, Vegetarian, 4,4,  7,  8,  4, 28
salad_bar.owx, Salad_Bar, 2,2,  5,  7,  2, 20
salad_bar.owx, Fish, 5,5,  5,  8,  5, 19
salad_bar.owx, GlutenSalads, 4,4,  4,  9,  4, 18
salad_bar.owx, GlutenFreeSalads, 4,4,  5,  6,  4, 17
salad_bar.owx, ChipotleRanch, 5,5,  5,  6,  5, 19
salad_bar.owx, OliveOil, 5,5,  5,  4,  5, 14
salad_bar.owx, RedWineVinegar, 5,5,  4,  5,  5, 15
salad_bar.owx, Tomato, 5,5,  4,  4,  5, 13
salad_bar.owx, Crunches, 4,4,  3,  6,  4, 17
salad_bar.owx, Cucumber, 5,5,  4,  7,  5, 14
salad_bar.owx, Egg, 6,6,  5,  8,  6, 18
salad_bar.owx, Mozzarella, 6,6,  5,  6,  6, 17
salad_bar.owx, ParmesanCheese, 6,6,  4,  9,  6, 17
salad_bar.owx, Poultry, 5,5,  4,  8,  5, 13
salad_bar.owx, Tabbouleh_Salad, 5,5,  4,  5,  7, 20
salad_bar.owx, Caprese_Salad, 5,6,  6,  5,  7, 16
salad_bar.owx, Gluten, 4,4,  4,  5,  4, 15
salad_bar.owx, Nutrition, 3,3,  3,  6,  3, 15
salad_bar.owx, Onion, 5,5,  4,  8,  5, 17
salad_bar.owx, Bacon, 6,6,  4,  5,  6, 14
salad_bar.owx, Salmon, 6,6,  6,  7,  6, 14
salad_bar.owx, Basil, 5,5,  4,  6,  5, 15
salad_bar.owx, Vegan, 4,4,  4,  6,  5, 16
salad_bar.owx, BulgurWheat, 5,5,  4,  5,  5, 14
salad_bar.owx, Southwest_Salad, 5,5,  4,  4,  7, 19
salad_bar.owx, FetaCheese, 6,6,  5,  7,  6, 16
salad_bar.owx, BlueCheese, 6,6,  4,  7,  6, 16
